#Instrument,Date,Time,Record Type,Price,Volume,Undisclosed Volume,Value,Qualifiers,Trans ID,Bid ID,Ask ID,Bid/Ask,Entry Time,Old Price,Old Volume,Buyer Broker ID,Seller Broker ID
BHP,20130205,10:00:01.592,ENTER,37.38,1,,37.38,,,0,1,B,,,,,
BHP,20130205,10:00:01.592,ENTER,37.38,1,,37.38,,,0,1,A,,,,,
BHP,20130205,10:00:03.065,ENTER,37.35,1,,37.35,,,0,1,B,,,,,
BHP,20130205,10:00:06.688,ENTER,37.37,1,,37.37,,,0,1,A,,,,,
BHP,20130205,10:00:19.613,ENTER,37.36,1,,37.36,,,0,1,B,,,,,
BHP,20130205,10:00:21.576,ENTER,37.35,1,,37.35,,,0,1,A,,,,,
BHP,20130205,10:00:22.491,ENTER,37.36,1,,37.36,,,0,1,B,,,,,
BHP,20130205,10:00:27.453,ENTER,37.36,1,,37.36,,,0,1,A,,,,,
BHP,20130205,10:00:32.746,ENTER,37.36,1,,37.36,,,0,1,B,,,,,
BHP,20130205,10:00:32.746,ENTER,37.36,1,,37.36,,,0,1,A,,,,,
BHP,20130205,10:00:46.077,ENTER,37.37,1,,37.37,,,0,1,B,,,,,
BHP,20130205,10:00:46.077,ENTER,37.37,1,,37.37,,,0,1,A,,,,,
BHP,20130205,10:00:46.482,ENTER,37.36,1,,37.36,,,0,1,B,,,,,
BHP,20130205,10:00:53.637,ENTER,37.37,1,,37.37,,,0,1,A,,,,,
BHP,20130205,10:00:59.749,ENTER,37.36,1,,37.36,,,0,1,B,,,,,
BHP,20130205,10:01:09.012,ENTER,37.35,1,,37.35,,,0,1,A,,,,,
BHP,20130205,10:01:16.242,ENTER,37.35,1,,37.35,,,0,1,B,,,,,
BHP,20130205,10:01:28.138,ENTER,37.35,1,,37.35,,,0,1,A,,,,,
BHP,20130205,10:01:38.149,ENTER,37.35,1,,37.35,,,0,1,B,,,,,
BHP,20130205,10:01:48.474,ENTER,37.36,1,,37.36,,,0,1,A,,,,,
BHP,20130205,10:02:14.910,ENTER,37.35,1,,37.35,,,0,1,B,,,,,
BHP,20130205,10:02:26.133,ENTER,37.36,1,,37.36,,,0,1,A,,,,,
BHP,20130205,10:02:28.363,ENTER,37.37,1,,37.37,,,0,1,B,,,,,
BHP,20130205,10:02:28.935,ENTER,37.36,1,,37.36,,,0,1,A,,,,,
BHP,20130205,10:02:32.181,ENTER,37.37,1,,37.37,,,0,1,B,,,,,
BHP,20130205,10:02:32.181,ENTER,37.37,1,,37.37,,,0,1,A,,,,,
BHP,20130205,10:03:13.184,ENTER,37.39,1,,37.39,,,0,1,B,,,,,
BHP,20130205,10:03:13.184,ENTER,37.39,1,,37.39,,,0,1,A,,,,,
BHP,20130205,10:03:34.208,ENTER,37.39,1,,37.39,,,0,1,B,,,,,
BHP,20130205,10:03:34.208,ENTER,37.39,1,,37.39,,,0,1,A,,,,,
BHP,20130205,10:04:55.012,ENTER,37.38,1,,37.38,,,0,1,B,,,,,
BHP,20130205,10:05:35.653,ENTER,37.38,1,,37.38,,,0,1,A,,,,,
BHP,20130205,10:05:39.872,ENTER,37.39,1,,37.39,,,0,1,B,,,,,
BHP,20130205,10:05:39.872,ENTER,37.39,1,,37.39,,,0,1,A,,,,,
BHP,20130205,10:05:41.350,ENTER,37.385,1,,37.385,,,0,1,B,,,,,
BHP,20130205,10:06:22.744,ENTER,37.38,1,,37.38,,,0,1,A,,,,,
BHP,20130205,10:06:35.295,ENTER,37.38,1,,37.38,,,0,1,B,,,,,
BHP,20130205,10:06:42.188,ENTER,37.38,1,,37.38,,,0,1,A,,,,,
BHP,20130205,10:06:59.033,ENTER,37.38,1,,37.38,,,0,1,B,,,,,
BHP,20130205,10:07:05.190,ENTER,37.37,1,,37.37,,,0,1,A,,,,,
BHP,20130205,10:07:09.131,ENTER,37.37,1,,37.37,,,0,1,B,,,,,
BHP,20130205,10:08:34.859,ENTER,37.36,1,,37.36,,,0,1,A,,,,,
BHP,20130205,10:08:46.997,ENTER,37.35,1,,37.35,,,0,1,B,,,,,
BHP,20130205,10:08:53.540,ENTER,37.34,1,,37.34,,,0,1,A,,,,,
BHP,20130205,10:08:53.540,ENTER,37.34,1,,37.34,,,0,1,B,,,,,
BHP,20130205,10:09:06.050,ENTER,37.33,1,,37.33,,,0,1,A,,,,,
BHP,20130205,10:09:06.050,ENTER,37.33,1,,37.33,,,0,1,B,,,,,
BHP,20130205,10:09:06.312,ENTER,37.32,1,,37.32,,,0,1,A,,,,,
BHP,20130205,10:09:08.003,ENTER,37.35,1,,37.35,,,0,1,B,,,,,
BHP,20130205,10:09:08.003,ENTER,37.35,1,,37.35,,,0,1,A,,,,,
BHP,20130205,10:09:08.522,ENTER,37.35,1,,37.35,,,0,1,B,,,,,
BHP,20130205,10:09:08.522,ENTER,37.35,1,,37.35,,,0,1,A,,,,,
BHP,20130205,10:09:09.884,ENTER,37.35,1,,37.35,,,0,1,B,,,,,
BHP,20130205,10:09:09.884,ENTER,37.35,1,,37.35,,,0,1,A,,,,,
BHP,20130205,10:09:15.205,ENTER,37.33,1,,37.33,,,0,1,B,,,,,
BHP,20130205,10:09:20.390,ENTER,37.34,1,,37.34,,,0,1,A,,,,,
BHP,20130205,10:09:20.405,ENTER,37.35,1,,37.35,,,0,1,B,,,,,
BHP,20130205,10:09:20.531,ENTER,37.34,1,,37.34,,,0,1,A,,,,,
BHP,20130205,10:09:23.202,ENTER,37.35,1,,37.35,,,0,1,B,,,,,
BHP,20130205,10:09:26.022,ENTER,37.36,1,,37.36,,,0,1,A,,,,,
BHP,20130205,10:09:26.023,ENTER,37.37,1,,37.37,,,0,1,B,,,,,
BHP,20130205,10:09:27.470,ENTER,37.37,1,,37.37,,,0,1,A,,,,,
BHP,20130205,10:09:40.065,ENTER,37.35,1,,37.35,,,0,1,B,,,,,
BHP,20130205,10:09:40.172,ENTER,37.34,1,,37.34,,,0,1,A,,,,,
BHP,20130205,10:09:41.295,ENTER,37.35,1,,37.35,,,0,1,B,,,,,
BHP,20130205,10:09:42.291,ENTER,37.35,1,,37.35,,,0,1,A,,,,,
BHP,20130205,10:09:44.039,ENTER,37.36,1,,37.36,,,0,1,B,,,,,
BHP,20130205,10:09:53.286,ENTER,37.35,1,,37.35,,,0,1,A,,,,,
BHP,20130205,10:10:07.938,ENTER,37.36,1,,37.36,,,0,1,B,,,,,
BHP,20130205,10:10:08.139,ENTER,37.36,1,,37.36,,,0,1,A,,,,,
BHP,20130205,10:10:09.214,ENTER,37.37,1,,37.37,,,0,1,B,,,,,
BHP,20130205,10:10:09.333,ENTER,37.35,1,,37.35,,,0,1,A,,,,,
BHP,20130205,10:10:12.905,ENTER,37.35,1,,37.35,,,0,1,B,,,,,
BHP,20130205,10:10:18.115,ENTER,37.36,1,,37.36,,,0,1,A,,,,,
BHP,20130205,10:10:19.379,ENTER,37.36,1,,37.36,,,0,1,B,,,,,
BHP,20130205,10:10:32.047,ENTER,37.37,1,,37.37,,,0,1,A,,,,,
BHP,20130205,10:10:43.735,ENTER,37.36,1,,37.36,,,0,1,B,,,,,
BHP,20130205,10:10:57.199,ENTER,37.37,1,,37.37,,,0,1,A,,,,,
BHP,20130205,10:11:00.011,ENTER,37.36,1,,37.36,,,0,1,B,,,,,
BHP,20130205,10:11:11.702,ENTER,37.37,1,,37.37,,,0,1,A,,,,,
BHP,20130205,10:11:18.360,ENTER,37.36,1,,37.36,,,0,1,B,,,,,
BHP,20130205,10:11:37.606,ENTER,37.37,1,,37.37,,,0,1,A,,,,,
BHP,20130205,10:12:05.125,ENTER,37.37,1,,37.37,,,0,1,B,,,,,
BHP,20130205,10:12:05.848,ENTER,37.36,1,,37.36,,,0,1,A,,,,,
BHP,20130205,10:12:05.848,ENTER,37.36,1,,37.36,,,0,1,B,,,,,
BHP,20130205,10:12:13.003,ENTER,37.37,1,,37.37,,,0,1,A,,,,,
BHP,20130205,10:12:13.025,ENTER,37.36,1,,37.36,,,0,1,B,,,,,
BHP,20130205,10:12:13.047,ENTER,37.36,1,,37.36,,,0,1,A,,,,,
BHP,20130205,10:12:14.528,ENTER,37.36,1,,37.36,,,0,1,B,,,,,
BHP,20130205,10:12:16.267,ENTER,37.36,1,,37.36,,,0,1,A,,,,,
BHP,20130205,10:12:16.267,ENTER,37.36,1,,37.36,,,0,1,B,,,,,
BHP,20130205,10:12:32.164,ENTER,37.35,1,,37.35,,,0,1,A,,,,,
BHP,20130205,10:12:32.164,ENTER,37.35,1,,37.35,,,0,1,B,,,,,
BHP,20130205,10:12:32.317,ENTER,37.34,1,,37.34,,,0,1,A,,,,,
BHP,20130205,10:12:56.327,ENTER,37.34,1,,37.34,,,0,1,B,,,,,
BHP,20130205,10:12:58.381,ENTER,37.34,1,,37.34,,,0,1,A,,,,,
BHP,20130205,10:13:02.629,ENTER,37.34,1,,37.34,,,0,1,B,,,,,
BHP,20130205,10:13:24.837,ENTER,37.33,1,,37.33,,,0,1,A,,,,,
BHP,20130205,10:13:27.270,ENTER,37.34,1,,37.34,,,0,1,B,,,,,
BHP,20130205,10:13:28.062,ENTER,37.33,1,,37.33,,,0,1,A,,,,,
BHP,20130205,10:13:28.062,ENTER,37.33,1,,37.33,,,0,1,B,,,,,
BHP,20130205,10:13:35.018,ENTER,37.34,1,,37.34,,,0,1,A,,,,,
BHP,20130205,10:13:47.061,ENTER,37.35,1,,37.35,,,0,1,B,,,,,
BHP,20130205,10:13:47.061,ENTER,37.35,1,,37.35,,,0,1,A,,,,,
BHP,20130205,10:14:23.291,ENTER,37.33,1,,37.33,,,0,1,B,,,,,
BHP,20130205,10:14:23.442,ENTER,37.33,1,,37.33,,,0,1,A,,,,,
BHP,20130205,10:14:24.271,ENTER,37.35,1,,37.35,,,0,1,B,,,,,
BHP,20130205,10:14:41.749,ENTER,37.35,1,,37.35,,,0,1,A,,,,,
BHP,20130205,10:15:03.388,ENTER,37.35,1,,37.35,,,0,1,B,,,,,
BHP,20130205,10:15:03.388,ENTER,37.35,1,,37.35,,,0,1,A,,,,,
BHP,20130205,10:15:03.449,ENTER,37.36,1,,37.36,,,0,1,B,,,,,
BHP,20130205,10:15:11.423,ENTER,37.35,1,,37.35,,,0,1,A,,,,,
BHP,20130205,10:15:19.438,ENTER,37.35,1,,37.35,,,0,1,B,,,,,
BHP,20130205,10:15:23.330,ENTER,37.35,1,,37.35,,,0,1,A,,,,,
BHP,20130205,10:15:25.735,ENTER,37.36,1,,37.36,,,0,1,B,,,,,
BHP,20130205,10:15:25.735,ENTER,37.36,1,,37.36,,,0,1,A,,,,,
BHP,20130205,10:16:09.263,ENTER,37.375,1,,37.375,,,0,1,B,,,,,
BHP,20130205,10:16:24.826,ENTER,37.36,1,,37.36,,,0,1,A,,,,,
BHP,20130205,10:16:42.695,ENTER,37.36,1,,37.36,,,0,1,B,,,,,
BHP,20130205,10:17:12.310,ENTER,37.35,1,,37.35,,,0,1,A,,,,,
BHP,20130205,10:17:22.975,ENTER,37.36,1,,37.36,,,0,1,B,,,,,
BHP,20130205,10:17:46.550,ENTER,37.36,1,,37.36,,,0,1,A,,,,,
BHP,20130205,10:17:47.569,ENTER,37.36,1,,37.36,,,0,1,B,,,,,
BHP,20130205,10:17:53.117,ENTER,37.35,1,,37.35,,,0,1,A,,,,,
BHP,20130205,10:17:53.122,ENTER,37.36,1,,37.36,,,0,1,B,,,,,
BHP,20130205,10:17:53.253,ENTER,37.36,1,,37.36,,,0,1,A,,,,,
BHP,20130205,10:18:38.136,ENTER,37.36,1,,37.36,,,0,1,B,,,,,
BHP,20130205,10:18:40.379,ENTER,37.35,1,,37.35,,,0,1,A,,,,,
BHP,20130205,10:19:02.836,ENTER,37.36,1,,37.36,,,0,1,B,,,,,
BHP,20130205,10:19:02.836,ENTER,37.36,1,,37.36,,,0,1,A,,,,,
BHP,20130205,10:19:02.883,ENTER,37.37,1,,37.37,,,0,1,B,,,,,
BHP,20130205,10:19:02.884,ENTER,37.37,1,,37.37,,,0,1,A,,,,,
BHP,20130205,10:19:35.842,ENTER,37.37,1,,37.37,,,0,1,B,,,,,
BHP,20130205,10:19:35.842,ENTER,37.37,1,,37.37,,,0,1,A,,,,,
BHP,20130205,10:19:53.139,ENTER,37.36,1,,37.36,,,0,1,B,,,,,
BHP,20130205,10:19:53.148,ENTER,37.35,1,,37.35,,,0,1,A,,,,,
BHP,20130205,10:19:56.003,ENTER,37.36,1,,37.36,,,0,1,B,,,,,
BHP,20130205,10:20:15.724,ENTER,37.35,1,,37.35,,,0,1,A,,,,,
BHP,20130205,10:20:15.724,ENTER,37.35,1,,37.35,,,0,1,B,,,,,
BHP,20130205,10:20:16.050,ENTER,37.34,1,,37.34,,,0,1,A,,,,,
BHP,20130205,10:20:17.365,ENTER,37.34,1,,37.34,,,0,1,B,,,,,
BHP,20130205,10:20:27.737,ENTER,37.33,1,,37.33,,,0,1,A,,,,,
BHP,20130205,10:20:27.737,ENTER,37.33,1,,37.33,,,0,1,B,,,,,
BHP,20130205,10:20:35.766,ENTER,37.32,1,,37.32,,,0,1,A,,,,,
BHP,20130205,10:20:35.766,ENTER,37.32,1,,37.32,,,0,1,B,,,,,
BHP,20130205,10:21:03.359,ENTER,37.32,1,,37.32,,,0,1,A,,,,,
BHP,20130205,10:21:10.599,ENTER,37.33,1,,37.33,,,0,1,B,,,,,
BHP,20130205,10:21:10.599,ENTER,37.33,1,,37.33,,,0,1,A,,,,,
BHP,20130205,10:21:35.707,ENTER,37.34,1,,37.34,,,0,1,B,,,,,
BHP,20130205,10:21:35.707,ENTER,37.34,1,,37.34,,,0,1,A,,,,,
BHP,20130205,10:21:40.430,ENTER,37.32,1,,37.32,,,0,1,B,,,,,
BHP,20130205,10:21:40.430,ENTER,37.31,1,,37.31,,,0,1,A,,,,,
BHP,20130205,10:21:40.430,ENTER,37.31,1,,37.31,,,0,1,B,,,,,
BHP,20130205,10:21:40.430,ENTER,37.3,1,,37.3,,,0,1,A,,,,,
BHP,20130205,10:21:41.265,ENTER,37.31,1,,37.31,,,0,1,B,,,,,
BHP,20130205,10:21:41.344,ENTER,37.31,1,,37.31,,,0,1,A,,,,,
BHP,20130205,10:21:45.432,ENTER,37.32,1,,37.32,,,0,1,B,,,,,
BHP,20130205,10:21:45.432,ENTER,37.32,1,,37.32,,,0,1,A,,,,,
BHP,20130205,10:21:49.538,ENTER,37.33,1,,37.33,,,0,1,B,,,,,
BHP,20130205,10:21:49.538,ENTER,37.33,1,,37.33,,,0,1,A,,,,,
BHP,20130205,10:21:52.962,ENTER,37.34,1,,37.34,,,0,1,B,,,,,
BHP,20130205,10:22:00.678,ENTER,37.34,1,,37.34,,,0,1,A,,,,,
BHP,20130205,10:22:04.664,ENTER,37.34,1,,37.34,,,0,1,B,,,,,
BHP,20130205,10:22:04.723,ENTER,37.34,1,,37.34,,,0,1,A,,,,,
BHP,20130205,10:22:28.906,ENTER,37.35,1,,37.35,,,0,1,B,,,,,
BHP,20130205,10:22:49.648,ENTER,37.35,1,,37.35,,,0,1,A,,,,,
BHP,20130205,10:22:49.671,ENTER,37.36,1,,37.36,,,0,1,B,,,,,
BHP,20130205,10:22:49.706,ENTER,37.35,1,,37.35,,,0,1,A,,,,,
BHP,20130205,10:22:50.891,ENTER,37.37,1,,37.37,,,0,1,B,,,,,
BHP,20130205,10:22:50.891,ENTER,37.37,1,,37.37,,,0,1,A,,,,,
BHP,20130205,10:23:19.131,ENTER,37.36,1,,37.36,,,0,1,B,,,,,
BHP,20130205,10:23:24.280,ENTER,37.35,1,,37.35,,,0,1,A,,,,,
BHP,20130205,10:23:24.280,ENTER,37.35,1,,37.35,,,0,1,B,,,,,
BHP,20130205,10:23:26.074,ENTER,37.36,1,,37.36,,,0,1,A,,,,,
BHP,20130205,10:23:34.075,ENTER,37.36,1,,37.36,,,0,1,B,,,,,
BHP,20130205,10:23:34.075,ENTER,37.36,1,,37.36,,,0,1,A,,,,,
BHP,20130205,10:23:37.174,ENTER,37.37,1,,37.37,,,0,1,B,,,,,
BHP,20130205,10:23:40.748,ENTER,37.37,1,,37.37,,,0,1,A,,,,,
BHP,20130205,10:23:45.998,ENTER,37.38,1,,37.38,,,0,1,B,,,,,
BHP,20130205,10:23:45.998,ENTER,37.38,1,,37.38,,,0,1,A,,,,,
BHP,20130205,10:24:00.544,ENTER,37.37,1,,37.37,,,0,1,B,,,,,
BHP,20130205,10:24:17.158,ENTER,37.37,1,,37.37,,,0,1,A,,,,,
BHP,20130205,10:24:28.026,ENTER,37.36,1,,37.36,,,0,1,B,,,,,
BHP,20130205,10:24:39.859,ENTER,37.37,1,,37.37,,,0,1,A,,,,,
BHP,20130205,10:24:42.718,ENTER,37.37,1,,37.37,,,0,1,B,,,,,
BHP,20130205,10:24:53.133,ENTER,37.37,1,,37.37,,,0,1,A,,,,,
BHP,20130205,10:24:53.133,ENTER,37.37,1,,37.37,,,0,1,B,,,,,
BHP,20130205,10:25:47.611,ENTER,37.35,1,,37.35,,,0,1,A,,,,,
BHP,20130205,10:25:47.611,ENTER,37.35,1,,37.35,,,0,1,B,,,,,
BHP,20130205,10:25:48.699,ENTER,37.37,1,,37.37,,,0,1,A,,,,,
BHP,20130205,10:25:52.425,ENTER,37.35,1,,37.35,,,0,1,B,,,,,
BHP,20130205,10:26:41.713,ENTER,37.36,1,,37.36,,,0,1,A,,,,,
BHP,20130205,10:26:47.447,ENTER,37.35,1,,37.35,,,0,1,B,,,,,
BHP,20130205,10:27:53.699,ENTER,37.36,1,,37.36,,,0,1,A,,,,,
BHP,20130205,10:28:27.332,ENTER,37.35,1,,37.35,,,0,1,B,,,,,
BHP,20130205,10:28:47.576,ENTER,37.36,1,,37.36,,,0,1,A,,,,,
BHP,20130205,10:29:11.793,ENTER,37.35,1,,37.35,,,0,1,B,,,,,
BHP,20130205,10:29:36.731,ENTER,37.34,1,,37.34,,,0,1,A,,,,,
BHP,20130205,10:29:37.435,ENTER,37.35,1,,37.35,,,0,1,B,,,,,
BHP,20130205,10:29:45.546,ENTER,37.35,1,,37.35,,,0,1,A,,,,,
BHP,20130205,10:29:52.222,ENTER,37.36,1,,37.36,,,0,1,B,,,,,
BHP,20130205,10:29:52.222,ENTER,37.36,1,,37.36,,,0,1,A,,,,,
BHP,20130205,10:30:02.874,ENTER,37.36,1,,37.36,,,0,1,B,,,,,
BHP,20130205,10:30:04.113,ENTER,37.35,1,,37.35,,,0,1,A,,,,,
BHP,20130205,10:30:37.570,ENTER,37.36,1,,37.36,,,0,1,B,,,,,
BHP,20130205,10:30:37.570,ENTER,37.36,1,,37.36,,,0,1,A,,,,,
BHP,20130205,10:30:43.107,ENTER,37.35,1,,37.35,,,0,1,B,,,,,
BHP,20130205,10:30:57.237,ENTER,37.34,1,,37.34,,,0,1,A,,,,,
BHP,20130205,10:30:57.251,ENTER,37.34,1,,37.34,,,0,1,B,,,,,
BHP,20130205,10:31:19.844,ENTER,37.34,1,,37.34,,,0,1,A,,,,,
BHP,20130205,10:31:19.880,ENTER,37.34,1,,37.34,,,0,1,B,,,,,
BHP,20130205,10:31:29.172,ENTER,37.34,1,,37.34,,,0,1,A,,,,,
BHP,20130205,10:31:33.789,ENTER,37.35,1,,37.35,,,0,1,B,,,,,
BHP,20130205,10:31:33.789,ENTER,37.35,1,,37.35,,,0,1,A,,,,,
BHP,20130205,10:31:42.187,ENTER,37.35,1,,37.35,,,0,1,B,,,,,
BHP,20130205,10:31:43.667,ENTER,37.34,1,,37.34,,,0,1,A,,,,,
BHP,20130205,10:31:46.316,ENTER,37.34,1,,37.34,,,0,1,B,,,,,
BHP,20130205,10:31:59.488,ENTER,37.35,1,,37.35,,,0,1,A,,,,,
BHP,20130205,10:32:07.198,ENTER,37.36,1,,37.36,,,0,1,B,,,,,
BHP,20130205,10:33:09.337,ENTER,37.36,1,,37.36,,,0,1,A,,,,,
BHP,20130205,10:33:10.396,ENTER,37.37,1,,37.37,,,0,1,B,,,,,
BHP,20130205,10:33:16.006,ENTER,37.36,1,,37.36,,,0,1,A,,,,,
BHP,20130205,10:33:23.749,ENTER,37.37,1,,37.37,,,0,1,B,,,,,
BHP,20130205,10:33:29.154,ENTER,37.38,1,,37.38,,,0,1,A,,,,,
BHP,20130205,10:33:31.300,ENTER,37.37,1,,37.37,,,0,1,B,,,,,
BHP,20130205,10:33:31.516,ENTER,37.36,1,,37.36,,,0,1,A,,,,,
BHP,20130205,10:33:40.195,ENTER,37.37,1,,37.37,,,0,1,B,,,,,
BHP,20130205,10:33:40.195,ENTER,37.37,1,,37.37,,,0,1,A,,,,,
BHP,20130205,10:34:05.883,ENTER,37.38,1,,37.38,,,0,1,B,,,,,
BHP,20130205,10:34:05.884,ENTER,37.38,1,,37.38,,,0,1,A,,,,,
BHP,20130205,10:35:11.338,ENTER,37.39,1,,37.39,,,0,1,B,,,,,
BHP,20130205,10:35:13.936,ENTER,37.38,1,,37.38,,,0,1,A,,,,,
BHP,20130205,10:35:23.333,ENTER,37.37,1,,37.37,,,0,1,B,,,,,
BHP,20130205,10:35:42.342,ENTER,37.37,1,,37.37,,,0,1,A,,,,,
BHP,20130205,10:35:42.342,ENTER,37.37,1,,37.37,,,0,1,B,,,,,
BHP,20130205,10:35:46.698,ENTER,37.38,1,,37.38,,,0,1,A,,,,,
BHP,20130205,10:35:52.428,ENTER,37.37,1,,37.37,,,0,1,B,,,,,
BHP,20130205,10:36:28.257,ENTER,37.37,1,,37.37,,,0,1,A,,,,,
BHP,20130205,10:36:28.257,ENTER,37.37,1,,37.37,,,0,1,B,,,,,
BHP,20130205,10:36:28.426,ENTER,37.36,1,,37.36,,,0,1,A,,,,,
BHP,20130205,10:36:28.469,ENTER,37.36,1,,37.36,,,0,1,B,,,,,
BHP,20130205,10:36:57.002,ENTER,37.37,1,,37.37,,,0,1,A,,,,,
BHP,20130205,10:36:58.000,ENTER,37.38,1,,37.38,,,0,1,B,,,,,
BHP,20130205,10:36:58.037,ENTER,37.37,1,,37.37,,,0,1,A,,,,,
BHP,20130205,10:36:58.050,ENTER,37.37,1,,37.37,,,0,1,B,,,,,
BHP,20130205,10:37:45.067,ENTER,37.36,1,,37.36,,,0,1,A,,,,,
BHP,20130205,10:37:45.067,ENTER,37.36,1,,37.36,,,0,1,B,,,,,
BHP,20130205,10:37:47.448,ENTER,37.35,1,,37.35,,,0,1,A,,,,,
BHP,20130205,10:37:47.448,ENTER,37.35,1,,37.35,,,0,1,B,,,,,
BHP,20130205,10:38:02.718,ENTER,37.36,1,,37.36,,,0,1,A,,,,,
BHP,20130205,10:38:08.200,ENTER,37.37,1,,37.37,,,0,1,B,,,,,
BHP,20130205,10:38:38.294,ENTER,37.36,1,,37.36,,,0,1,A,,,,,
BHP,20130205,10:38:44.116,ENTER,37.36,1,,37.36,,,0,1,B,,,,,
BHP,20130205,10:38:50.181,ENTER,37.36,1,,37.36,,,0,1,A,,,,,
BHP,20130205,10:38:50.181,ENTER,37.36,1,,37.36,,,0,1,B,,,,,
BHP,20130205,10:39:54.667,ENTER,37.35,1,,37.35,,,0,1,A,,,,,
BHP,20130205,10:39:54.667,ENTER,37.35,1,,37.35,,,0,1,B,,,,,
BHP,20130205,10:40:28.286,ENTER,37.37,1,,37.37,,,0,1,A,,,,,
BHP,20130205,10:40:41.846,ENTER,37.36,1,,37.36,,,0,1,B,,,,,
BHP,20130205,10:41:12.132,ENTER,37.35,1,,37.35,,,0,1,A,,,,,
BHP,20130205,10:41:22.137,ENTER,37.35,1,,37.35,,,0,1,B,,,,,
BHP,20130205,10:41:27.136,ENTER,37.35,1,,37.35,,,0,1,A,,,,,
BHP,20130205,10:42:01.513,ENTER,37.37,1,,37.37,,,0,1,B,,,,,
BHP,20130205,10:42:23.411,ENTER,37.36,1,,37.36,,,0,1,A,,,,,
BHP,20130205,10:43:49.492,ENTER,37.355,1,,37.355,,,0,1,B,,,,,
BHP,20130205,10:43:51.162,ENTER,37.35,1,,37.35,,,0,1,A,,,,,
BHP,20130205,10:43:52.374,ENTER,37.35,1,,37.35,,,0,1,B,,,,,
BHP,20130205,10:43:54.753,ENTER,37.35,1,,37.35,,,0,1,A,,,,,
BHP,20130205,10:43:56.256,ENTER,37.35,1,,37.35,,,0,1,B,,,,,
BHP,20130205,10:43:59.370,ENTER,37.36,1,,37.36,,,0,1,A,,,,,
BHP,20130205,10:44:09.100,ENTER,37.36,1,,37.36,,,0,1,B,,,,,
BHP,20130205,10:44:22.768,ENTER,37.355,1,,37.355,,,0,1,A,,,,,
BHP,20130205,10:44:22.811,ENTER,37.36,1,,37.36,,,0,1,B,,,,,
BHP,20130205,10:44:25.048,ENTER,37.35,1,,37.35,,,0,1,A,,,,,
BHP,20130205,10:44:44.619,ENTER,37.36,1,,37.36,,,0,1,B,,,,,
BHP,20130205,10:44:48.862,ENTER,37.36,1,,37.36,,,0,1,A,,,,,
BHP,20130205,10:45:02.852,ENTER,37.36,1,,37.36,,,0,1,B,,,,,
BHP,20130205,10:45:04.419,ENTER,37.355,1,,37.355,,,0,1,A,,,,,
BHP,20130205,10:45:08.374,ENTER,37.37,1,,37.37,,,0,1,B,,,,,
BHP,20130205,10:45:08.374,ENTER,37.37,1,,37.37,,,0,1,A,,,,,
BHP,20130205,10:45:44.563,ENTER,37.37,1,,37.37,,,0,1,B,,,,,
BHP,20130205,10:45:44.563,ENTER,37.37,1,,37.37,,,0,1,A,,,,,
BHP,20130205,10:46:17.241,ENTER,37.36,1,,37.36,,,0,1,B,,,,,
BHP,20130205,10:46:17.420,ENTER,37.37,1,,37.37,,,0,1,A,,,,,
BHP,20130205,10:46:18.955,ENTER,37.37,1,,37.37,,,0,1,B,,,,,
BHP,20130205,10:46:18.955,ENTER,37.37,1,,37.37,,,0,1,A,,,,,
BHP,20130205,10:46:20.577,ENTER,37.37,1,,37.37,,,0,1,B,,,,,
BHP,20130205,10:46:20.596,ENTER,37.37,1,,37.37,,,0,1,A,,,,,
BHP,20130205,10:46:22.002,ENTER,37.37,1,,37.37,,,0,1,B,,,,,
BHP,20130205,10:46:23.559,ENTER,37.37,1,,37.37,,,0,1,A,,,,,
BHP,20130205,10:46:31.281,ENTER,37.37,1,,37.37,,,0,1,B,,,,,
BHP,20130205,10:46:31.461,ENTER,37.36,1,,37.36,,,0,1,A,,,,,
BHP,20130205,10:46:44.828,ENTER,37.365,1,,37.365,,,0,1,B,,,,,
BHP,20130205,10:47:54.740,ENTER,37.36,1,,37.36,,,0,1,A,,,,,
BHP,20130205,10:47:59.030,ENTER,37.37,1,,37.37,,,0,1,B,,,,,
BHP,20130205,10:47:59.030,ENTER,37.37,1,,37.37,,,0,1,A,,,,,
BHP,20130205,10:47:59.196,ENTER,37.36,1,,37.36,,,0,1,B,,,,,
BHP,20130205,10:48:13.728,ENTER,37.37,1,,37.37,,,0,1,A,,,,,
BHP,20130205,10:50:13.828,ENTER,37.36,1,,37.36,,,0,1,B,,,,,
BHP,20130205,10:50:14.157,ENTER,37.37,1,,37.37,,,0,1,A,,,,,
BHP,20130205,10:50:51.973,ENTER,37.37,1,,37.37,,,0,1,B,,,,,
BHP,20130205,10:52:08.876,ENTER,37.38,1,,37.38,,,0,1,A,,,,,
BHP,20130205,10:52:11.654,ENTER,37.39,1,,37.39,,,0,1,B,,,,,
BHP,20130205,10:52:12.668,ENTER,37.39,1,,37.39,,,0,1,A,,,,,
BHP,20130205,10:52:50.216,ENTER,37.385,1,,37.385,,,0,1,B,,,,,
BHP,20130205,10:53:05.409,ENTER,37.385,1,,37.385,,,0,1,A,,,,,
BHP,20130205,10:53:26.909,ENTER,37.385,1,,37.385,,,0,1,B,,,,,
BHP,20130205,10:53:58.368,ENTER,37.39,1,,37.39,,,0,1,A,,,,,
BHP,20130205,10:53:58.423,ENTER,37.4,1,,37.4,,,0,1,B,,,,,
BHP,20130205,10:53:58.423,ENTER,37.4,1,,37.4,,,0,1,A,,,,,
BHP,20130205,10:53:58.536,ENTER,37.39,1,,37.39,,,0,1,B,,,,,
BHP,20130205,10:53:59.135,ENTER,37.4,1,,37.4,,,0,1,A,,,,,
BHP,20130205,10:54:34.625,ENTER,37.39,1,,37.39,,,0,1,B,,,,,
BHP,20130205,10:54:52.043,ENTER,37.38,1,,37.38,,,0,1,A,,,,,
BHP,20130205,10:54:58.005,ENTER,37.4,1,,37.4,,,0,1,B,,,,,
BHP,20130205,10:54:58.005,ENTER,37.4,1,,37.4,,,0,1,A,,,,,
BHP,20130205,10:54:58.097,ENTER,37.39,1,,37.39,,,0,1,B,,,,,
BHP,20130205,10:55:19.501,ENTER,37.4,1,,37.4,,,0,1,A,,,,,
BHP,20130205,10:55:19.569,ENTER,37.41,1,,37.41,,,0,1,B,,,,,
BHP,20130205,10:55:19.569,ENTER,37.41,1,,37.41,,,0,1,A,,,,,
BHP,20130205,10:55:28.481,ENTER,37.41,1,,37.41,,,0,1,B,,,,,
BHP,20130205,10:55:35.936,ENTER,37.405,1,,37.405,,,0,1,A,,,,,
BHP,20130205,10:55:35.951,ENTER,37.41,1,,37.41,,,0,1,B,,,,,
BHP,20130205,10:55:37.700,ENTER,37.41,1,,37.41,,,0,1,A,,,,,
BHP,20130205,10:55:40.061,ENTER,37.41,1,,37.41,,,0,1,B,,,,,
BHP,20130205,10:56:02.341,ENTER,37.4,1,,37.4,,,0,1,A,,,,,
BHP,20130205,10:56:20.578,ENTER,37.4,1,,37.4,,,0,1,B,,,,,
BHP,20130205,10:56:20.603,ENTER,37.39,1,,37.39,,,0,1,A,,,,,
BHP,20130205,10:56:20.603,ENTER,37.39,1,,37.39,,,0,1,B,,,,,
BHP,20130205,10:56:23.990,ENTER,37.38,1,,37.38,,,0,1,A,,,,,
BHP,20130205,10:56:23.990,ENTER,37.38,1,,37.38,,,0,1,B,,,,,
BHP,20130205,10:56:24.155,ENTER,37.37,1,,37.37,,,0,1,A,,,,,
BHP,20130205,10:56:24.155,ENTER,37.37,1,,37.37,,,0,1,B,,,,,
BHP,20130205,10:56:24.906,ENTER,37.38,1,,37.38,,,0,1,A,,,,,
BHP,20130205,10:56:33.388,ENTER,37.37,1,,37.37,,,0,1,B,,,,,
BHP,20130205,10:57:00.095,ENTER,37.36,1,,37.36,,,0,1,A,,,,,
BHP,20130205,10:57:00.152,ENTER,37.37,1,,37.37,,,0,1,B,,,,,
BHP,20130205,10:57:00.304,ENTER,37.37,1,,37.37,,,0,1,A,,,,,
BHP,20130205,10:57:24.793,ENTER,37.38,1,,37.38,,,0,1,B,,,,,
BHP,20130205,10:57:57.353,ENTER,37.37,1,,37.37,,,0,1,A,,,,,
BHP,20130205,10:57:57.353,ENTER,37.37,1,,37.37,,,0,1,B,,,,,
BHP,20130205,10:57:57.354,ENTER,37.36,1,,37.36,,,0,1,A,,,,,
BHP,20130205,10:57:57.417,ENTER,37.37,1,,37.37,,,0,1,B,,,,,
BHP,20130205,10:57:57.441,ENTER,37.37,1,,37.37,,,0,1,A,,,,,
BHP,20130205,10:58:16.209,ENTER,37.37,1,,37.37,,,0,1,B,,,,,
BHP,20130205,10:58:16.209,ENTER,37.37,1,,37.37,,,0,1,A,,,,,
BHP,20130205,10:58:17.647,ENTER,37.38,1,,37.38,,,0,1,B,,,,,
BHP,20130205,10:58:17.647,ENTER,37.38,1,,37.38,,,0,1,A,,,,,
BHP,20130205,10:58:20.439,ENTER,37.39,1,,37.39,,,0,1,B,,,,,
BHP,20130205,10:58:20.439,ENTER,37.39,1,,37.39,,,0,1,A,,,,,
BHP,20130205,10:58:35.109,ENTER,37.38,1,,37.38,,,0,1,B,,,,,
BHP,20130205,10:58:56.730,ENTER,37.37,1,,37.37,,,0,1,A,,,,,
BHP,20130205,10:59:04.836,ENTER,37.38,1,,37.38,,,0,1,B,,,,,
BHP,20130205,10:59:04.836,ENTER,37.37,1,,37.37,,,0,1,A,,,,,
BHP,20130205,10:59:04.841,ENTER,37.37,1,,37.37,,,0,1,B,,,,,
BHP,20130205,10:59:30.855,ENTER,37.37,1,,37.37,,,0,1,A,,,,,
BHP,20130205,10:59:30.856,ENTER,37.37,1,,37.37,,,0,1,B,,,,,
BHP,20130205,10:59:32.940,ENTER,37.36,1,,37.36,,,0,1,A,,,,,
BHP,20130205,10:59:35.552,ENTER,37.36,1,,37.36,,,0,1,B,,,,,
BHP,20130205,10:59:39.737,ENTER,37.35,1,,37.35,,,0,1,A,,,,,
BHP,20130205,10:59:39.809,ENTER,37.35,1,,37.35,,,0,1,B,,,,,
BHP,20130205,10:59:39.878,ENTER,37.35,1,,37.35,,,0,1,A,,,,,
BHP,20130205,10:59:39.901,ENTER,37.35,1,,37.35,,,0,1,B,,,,,
BHP,20130205,10:59:40.027,ENTER,37.36,1,,37.36,,,0,1,A,,,,,
BHP,20130205,10:59:53.586,ENTER,37.37,1,,37.37,,,0,1,B,,,,,
BHP,20130205,10:59:53.807,ENTER,37.37,1,,37.37,,,0,1,A,,,,,
BHP,20130205,11:00:02.906,ENTER,37.36,1,,37.36,,,0,1,B,,,,,
BHP,20130205,11:00:28.218,ENTER,37.37,1,,37.37,,,0,1,A,,,,,
BHP,20130205,11:00:36.853,ENTER,37.36,1,,37.36,,,0,1,B,,,,,
BHP,20130205,11:00:50.974,ENTER,37.36,1,,37.36,,,0,1,A,,,,,
BHP,20130205,11:00:55.459,ENTER,37.36,1,,37.36,,,0,1,B,,,,,
BHP,20130205,11:00:56.542,ENTER,37.35,1,,37.35,,,0,1,A,,,,,
BHP,20130205,11:00:56.542,ENTER,37.35,1,,37.35,,,0,1,B,,,,,
BHP,20130205,11:01:18.412,ENTER,37.36,1,,37.36,,,0,1,A,,,,,
BHP,20130205,11:01:23.579,ENTER,37.35,1,,37.35,,,0,1,B,,,,,
BHP,20130205,11:01:25.830,ENTER,37.34,1,,37.34,,,0,1,A,,,,,
BHP,20130205,11:01:25.830,ENTER,37.34,1,,37.34,,,0,1,B,,,,,
BHP,20130205,11:02:23.172,ENTER,37.33,1,,37.33,,,0,1,A,,,,,
BHP,20130205,11:02:34.068,ENTER,37.33,1,,37.33,,,0,1,B,,,,,
BHP,20130205,11:02:34.941,ENTER,37.32,1,,37.32,,,0,1,A,,,,,
BHP,20130205,11:02:35.422,ENTER,37.32,1,,37.32,,,0,1,B,,,,,
BHP,20130205,11:02:36.687,ENTER,37.33,1,,37.33,,,0,1,A,,,,,
BHP,20130205,11:03:23.739,ENTER,37.32,1,,37.32,,,0,1,B,,,,,
BHP,20130205,11:03:43.998,ENTER,37.33,1,,37.33,,,0,1,A,,,,,
BHP,20130205,11:03:52.427,ENTER,37.32,1,,37.32,,,0,1,B,,,,,
BHP,20130205,11:04:25.784,ENTER,37.31,1,,37.31,,,0,1,A,,,,,
BHP,20130205,11:04:26.794,ENTER,37.31,1,,37.31,,,0,1,B,,,,,
BHP,20130205,11:05:57.153,ENTER,37.31,1,,37.31,,,0,1,A,,,,,
BHP,20130205,11:05:57.153,ENTER,37.31,1,,37.31,,,0,1,B,,,,,
BHP,20130205,11:06:02.591,ENTER,37.3,1,,37.3,,,0,1,A,,,,,
BHP,20130205,11:06:03.366,ENTER,37.3,1,,37.3,,,0,1,B,,,,,
BHP,20130205,11:06:03.869,ENTER,37.31,1,,37.31,,,0,1,A,,,,,
BHP,20130205,11:06:03.955,ENTER,37.32,1,,37.32,,,0,1,B,,,,,
BHP,20130205,11:06:03.955,ENTER,37.32,1,,37.32,,,0,1,A,,,,,
BHP,20130205,11:06:07.598,ENTER,37.31,1,,37.31,,,0,1,B,,,,,
BHP,20130205,11:06:43.813,ENTER,37.33,1,,37.33,,,0,1,A,,,,,
BHP,20130205,11:06:45.109,ENTER,37.33,1,,37.33,,,0,1,B,,,,,
BHP,20130205,11:07:00.885,ENTER,37.32,1,,37.32,,,0,1,A,,,,,
BHP,20130205,11:07:07.753,ENTER,37.32,1,,37.32,,,0,1,B,,,,,
BHP,20130205,11:07:10.451,ENTER,37.33,1,,37.33,,,0,1,A,,,,,
BHP,20130205,11:07:40.159,ENTER,37.33,1,,37.33,,,0,1,B,,,,,
BHP,20130205,11:07:40.707,ENTER,37.32,1,,37.32,,,0,1,A,,,,,
BHP,20130205,11:07:40.708,ENTER,37.32,1,,37.32,,,0,1,B,,,,,
BHP,20130205,11:07:48.329,ENTER,37.31,1,,37.31,,,0,1,A,,,,,
BHP,20130205,11:07:48.329,ENTER,37.31,1,,37.31,,,0,1,B,,,,,
BHP,20130205,11:07:48.983,ENTER,37.32,1,,37.32,,,0,1,A,,,,,
BHP,20130205,11:07:57.625,ENTER,37.315,1,,37.315,,,0,1,B,,,,,
BHP,20130205,11:08:33.995,ENTER,37.325,1,,37.325,,,0,1,A,,,,,
BHP,20130205,11:09:19.085,ENTER,37.325,1,,37.325,,,0,1,B,,,,,
BHP,20130205,11:09:51.101,ENTER,37.32,1,,37.32,,,0,1,A,,,,,
BHP,20130205,11:09:51.101,ENTER,37.32,1,,37.32,,,0,1,B,,,,,
BHP,20130205,11:10:04.925,ENTER,37.31,1,,37.31,,,0,1,A,,,,,
BHP,20130205,11:10:04.925,ENTER,37.31,1,,37.31,,,0,1,B,,,,,
BHP,20130205,11:10:14.456,ENTER,37.3,1,,37.3,,,0,1,A,,,,,
BHP,20130205,11:10:15.434,ENTER,37.3,1,,37.3,,,0,1,B,,,,,
BHP,20130205,11:10:16.334,ENTER,37.29,1,,37.29,,,0,1,A,,,,,
BHP,20130205,11:10:19.244,ENTER,37.29,1,,37.29,,,0,1,B,,,,,
BHP,20130205,11:10:59.386,ENTER,37.28,1,,37.28,,,0,1,A,,,,,
BHP,20130205,11:11:00.498,ENTER,37.28,1,,37.28,,,0,1,B,,,,,
BHP,20130205,11:11:00.828,ENTER,37.29,1,,37.29,,,0,1,A,,,,,
BHP,20130205,11:11:00.876,ENTER,37.28,1,,37.28,,,0,1,B,,,,,
BHP,20130205,11:11:03.172,ENTER,37.28,1,,37.28,,,0,1,A,,,,,
BHP,20130205,11:11:04.114,ENTER,37.28,1,,37.28,,,0,1,B,,,,,
BHP,20130205,11:11:34.267,ENTER,37.27,1,,37.27,,,0,1,A,,,,,
BHP,20130205,11:11:35.663,ENTER,37.27,1,,37.27,,,0,1,B,,,,,
BHP,20130205,11:11:51.603,ENTER,37.27,1,,37.27,,,0,1,A,,,,,
BHP,20130205,11:11:51.603,ENTER,37.27,1,,37.27,,,0,1,B,,,,,
BHP,20130205,11:12:01.407,ENTER,37.28,1,,37.28,,,0,1,A,,,,,
BHP,20130205,11:12:17.538,ENTER,37.27,1,,37.27,,,0,1,B,,,,,
BHP,20130205,11:12:28.887,ENTER,37.28,1,,37.28,,,0,1,A,,,,,
BHP,20130205,11:12:30.439,ENTER,37.29,1,,37.29,,,0,1,B,,,,,
BHP,20130205,11:12:30.439,ENTER,37.29,1,,37.29,,,0,1,A,,,,,
BHP,20130205,11:13:30.869,ENTER,37.3,1,,37.3,,,0,1,B,,,,,
BHP,20130205,11:13:30.869,ENTER,37.3,1,,37.3,,,0,1,A,,,,,
BHP,20130205,11:16:39.242,ENTER,37.31,1,,37.31,,,0,1,B,,,,,
BHP,20130205,11:16:39.242,ENTER,37.31,1,,37.31,,,0,1,A,,,,,
BHP,20130205,11:16:42.183,ENTER,37.3,1,,37.3,,,0,1,B,,,,,
BHP,20130205,11:17:45.974,ENTER,37.29,1,,37.29,,,0,1,A,,,,,
BHP,20130205,11:17:45.976,ENTER,37.29,1,,37.29,,,0,1,B,,,,,
BHP,20130205,11:18:15.016,ENTER,37.27,1,,37.27,,,0,1,A,,,,,
BHP,20130205,11:18:15.116,ENTER,37.27,1,,37.27,,,0,1,B,,,,,
BHP,20130205,11:18:19.502,ENTER,37.26,1,,37.26,,,0,1,A,,,,,
BHP,20130205,11:18:19.502,ENTER,37.26,1,,37.26,,,0,1,B,,,,,
BHP,20130205,11:18:50.601,ENTER,37.27,1,,37.27,,,0,1,A,,,,,
BHP,20130205,11:20:09.257,ENTER,37.26,1,,37.26,,,0,1,B,,,,,
BHP,20130205,11:20:17.736,ENTER,37.26,1,,37.26,,,0,1,A,,,,,
BHP,20130205,11:20:21.329,ENTER,37.27,1,,37.27,,,0,1,B,,,,,
BHP,20130205,11:20:23.122,ENTER,37.26,1,,37.26,,,0,1,A,,,,,
BHP,20130205,11:20:23.122,ENTER,37.26,1,,37.26,,,0,1,B,,,,,
BHP,20130205,11:20:53.466,ENTER,37.25,1,,37.25,,,0,1,A,,,,,
BHP,20130205,11:20:53.466,ENTER,37.25,1,,37.25,,,0,1,B,,,,,
BHP,20130205,11:21:03.407,ENTER,37.25,1,,37.25,,,0,1,A,,,,,
BHP,20130205,11:21:13.690,ENTER,37.26,1,,37.26,,,0,1,B,,,,,
BHP,20130205,11:21:13.690,ENTER,37.26,1,,37.26,,,0,1,A,,,,,
BHP,20130205,11:21:46.157,ENTER,37.25,1,,37.25,,,0,1,B,,,,,
BHP,20130205,11:21:53.855,ENTER,37.26,1,,37.26,,,0,1,A,,,,,
BHP,20130205,11:22:23.779,ENTER,37.27,1,,37.27,,,0,1,B,,,,,
BHP,20130205,11:22:23.779,ENTER,37.27,1,,37.27,,,0,1,A,,,,,
BHP,20130205,11:22:32.472,ENTER,37.26,1,,37.26,,,0,1,B,,,,,
BHP,20130205,11:22:36.716,ENTER,37.27,1,,37.27,,,0,1,A,,,,,
BHP,20130205,11:22:36.740,ENTER,37.28,1,,37.28,,,0,1,B,,,,,
BHP,20130205,11:22:36.740,ENTER,37.28,1,,37.28,,,0,1,A,,,,,
BHP,20130205,11:22:37.073,ENTER,37.27,1,,37.27,,,0,1,B,,,,,
BHP,20130205,11:22:42.664,ENTER,37.26,1,,37.26,,,0,1,A,,,,,
BHP,20130205,11:22:42.664,ENTER,37.26,1,,37.26,,,0,1,B,,,,,
BHP,20130205,11:22:56.954,ENTER,37.27,1,,37.27,,,0,1,A,,,,,
BHP,20130205,11:22:59.770,ENTER,37.26,1,,37.26,,,0,1,B,,,,,
BHP,20130205,11:24:13.040,ENTER,37.27,1,,37.27,,,0,1,A,,,,,
BHP,20130205,11:24:44.746,ENTER,37.28,1,,37.28,,,0,1,B,,,,,
BHP,20130205,11:24:44.746,ENTER,37.28,1,,37.28,,,0,1,A,,,,,
BHP,20130205,11:25:51.740,ENTER,37.28,1,,37.28,,,0,1,B,,,,,
BHP,20130205,11:26:03.358,ENTER,37.28,1,,37.28,,,0,1,A,,,,,
BHP,20130205,11:26:13.947,ENTER,37.27,1,,37.27,,,0,1,B,,,,,
BHP,20130205,11:26:23.691,ENTER,37.27,1,,37.27,,,0,1,A,,,,,
BHP,20130205,11:26:23.734,ENTER,37.27,1,,37.27,,,0,1,B,,,,,
BHP,20130205,11:26:23.805,ENTER,37.27,1,,37.27,,,0,1,A,,,,,
BHP,20130205,11:26:23.806,ENTER,37.27,1,,37.27,,,0,1,B,,,,,
BHP,20130205,11:28:42.784,ENTER,37.26,1,,37.26,,,0,1,A,,,,,
BHP,20130205,11:28:49.222,ENTER,37.27,1,,37.27,,,0,1,B,,,,,
BHP,20130205,11:28:52.682,ENTER,37.26,1,,37.26,,,0,1,A,,,,,
BHP,20130205,11:28:59.837,ENTER,37.26,1,,37.26,,,0,1,B,,,,,
BHP,20130205,11:28:59.854,ENTER,37.25,1,,37.25,,,0,1,A,,,,,
BHP,20130205,11:28:59.971,ENTER,37.26,1,,37.26,,,0,1,B,,,,,
BHP,20130205,11:29:00.089,ENTER,37.26,1,,37.26,,,0,1,A,,,,,
BHP,20130205,11:30:05.240,ENTER,37.27,1,,37.27,,,0,1,B,,,,,
BHP,20130205,11:30:05.398,ENTER,37.26,1,,37.26,,,0,1,A,,,,,
BHP,20130205,11:30:06.147,ENTER,37.26,1,,37.26,,,0,1,B,,,,,
BHP,20130205,11:30:22.977,ENTER,37.27,1,,37.27,,,0,1,A,,,,,
BHP,20130205,11:30:23.015,ENTER,37.28,1,,37.28,,,0,1,B,,,,,
BHP,20130205,11:30:23.015,ENTER,37.28,1,,37.28,,,0,1,A,,,,,
BHP,20130205,11:30:23.827,ENTER,37.28,1,,37.28,,,0,1,B,,,,,
BHP,20130205,11:30:31.958,ENTER,37.28,1,,37.28,,,0,1,A,,,,,
BHP,20130205,11:31:14.959,ENTER,37.28,1,,37.28,,,0,1,B,,,,,
BHP,20130205,11:31:14.959,ENTER,37.28,1,,37.28,,,0,1,A,,,,,
BHP,20130205,11:31:56.083,ENTER,37.29,1,,37.29,,,0,1,B,,,,,
BHP,20130205,11:31:56.083,ENTER,37.29,1,,37.29,,,0,1,A,,,,,
BHP,20130205,11:32:15.646,ENTER,37.28,1,,37.28,,,0,1,B,,,,,
BHP,20130205,11:32:30.097,ENTER,37.26,1,,37.26,,,0,1,A,,,,,
BHP,20130205,11:32:31.891,ENTER,37.26,1,,37.26,,,0,1,B,,,,,
BHP,20130205,11:33:56.917,ENTER,37.26,1,,37.26,,,0,1,A,,,,,
BHP,20130205,11:33:56.934,ENTER,37.27,1,,37.27,,,0,1,B,,,,,
BHP,20130205,11:33:56.934,ENTER,37.27,1,,37.27,,,0,1,A,,,,,
BHP,20130205,11:34:03.776,ENTER,37.28,1,,37.28,,,0,1,B,,,,,
BHP,20130205,11:34:03.776,ENTER,37.28,1,,37.28,,,0,1,A,,,,,
BHP,20130205,11:34:35.466,ENTER,37.3,1,,37.3,,,0,1,B,,,,,
BHP,20130205,11:34:35.466,ENTER,37.3,1,,37.3,,,0,1,A,,,,,
BHP,20130205,11:34:35.617,ENTER,37.29,1,,37.29,,,0,1,B,,,,,
BHP,20130205,11:34:57.272,ENTER,37.29,1,,37.29,,,0,1,A,,,,,
BHP,20130205,11:34:57.278,ENTER,37.29,1,,37.29,,,0,1,B,,,,,
BHP,20130205,11:35:03.969,ENTER,37.28,1,,37.28,,,0,1,A,,,,,
BHP,20130205,11:35:03.969,ENTER,37.28,1,,37.28,,,0,1,B,,,,,
BHP,20130205,11:35:05.740,ENTER,37.27,1,,37.27,,,0,1,A,,,,,
BHP,20130205,11:35:05.740,ENTER,37.27,1,,37.27,,,0,1,B,,,,,
BHP,20130205,11:35:06.836,ENTER,37.28,1,,37.28,,,0,1,A,,,,,
BHP,20130205,11:35:55.139,ENTER,37.28,1,,37.28,,,0,1,B,,,,,
BHP,20130205,11:36:05.275,ENTER,37.27,1,,37.27,,,0,1,A,,,,,
BHP,20130205,11:36:05.275,ENTER,37.27,1,,37.27,,,0,1,B,,,,,
BHP,20130205,11:36:38.199,ENTER,37.26,1,,37.26,,,0,1,A,,,,,
BHP,20130205,11:36:38.199,ENTER,37.26,1,,37.26,,,0,1,B,,,,,
BHP,20130205,11:36:49.435,ENTER,37.27,1,,37.27,,,0,1,A,,,,,
BHP,20130205,11:36:49.865,ENTER,37.28,1,,37.28,,,0,1,B,,,,,
BHP,20130205,11:36:49.865,ENTER,37.28,1,,37.28,,,0,1,A,,,,,
BHP,20130205,11:36:56.046,ENTER,37.29,1,,37.29,,,0,1,B,,,,,
BHP,20130205,11:36:56.046,ENTER,37.29,1,,37.29,,,0,1,A,,,,,
BHP,20130205,11:37:05.242,ENTER,37.3,1,,37.3,,,0,1,B,,,,,
BHP,20130205,11:37:40.810,ENTER,37.295,1,,37.295,,,0,1,A,,,,,
BHP,20130205,11:38:00.215,ENTER,37.3,1,,37.3,,,0,1,B,,,,,
BHP,20130205,11:38:06.001,ENTER,37.29,1,,37.29,,,0,1,A,,,,,
BHP,20130205,11:38:06.131,ENTER,37.29,1,,37.29,,,0,1,B,,,,,
BHP,20130205,11:38:16.414,ENTER,37.28,1,,37.28,,,0,1,A,,,,,
BHP,20130205,11:38:16.414,ENTER,37.28,1,,37.28,,,0,1,B,,,,,
BHP,20130205,11:38:36.985,ENTER,37.27,1,,37.27,,,0,1,A,,,,,
BHP,20130205,11:38:36.985,ENTER,37.27,1,,37.27,,,0,1,B,,,,,
BHP,20130205,11:39:51.158,ENTER,37.27,1,,37.27,,,0,1,A,,,,,
BHP,20130205,11:39:51.158,ENTER,37.27,1,,37.27,,,0,1,B,,,,,
BHP,20130205,11:39:51.836,ENTER,37.26,1,,37.26,,,0,1,A,,,,,
BHP,20130205,11:39:51.837,ENTER,37.26,1,,37.26,,,0,1,B,,,,,
BHP,20130205,11:40:11.139,ENTER,37.27,1,,37.27,,,0,1,A,,,,,
BHP,20130205,11:40:29.911,ENTER,37.26,1,,37.26,,,0,1,B,,,,,
BHP,20130205,11:41:17.505,ENTER,37.27,1,,37.27,,,0,1,A,,,,,
BHP,20130205,11:41:40.765,ENTER,37.275,1,,37.275,,,0,1,B,,,,,
BHP,20130205,11:41:48.202,ENTER,37.27,1,,37.27,,,0,1,A,,,,,
BHP,20130205,11:41:48.302,ENTER,37.26,1,,37.26,,,0,1,B,,,,,
BHP,20130205,11:42:06.983,ENTER,37.25,1,,37.25,,,0,1,A,,,,,
BHP,20130205,11:42:06.983,ENTER,37.25,1,,37.25,,,0,1,B,,,,,
BHP,20130205,11:42:31.249,ENTER,37.26,1,,37.26,,,0,1,A,,,,,
BHP,20130205,11:43:00.185,ENTER,37.27,1,,37.27,,,0,1,B,,,,,
BHP,20130205,11:43:10.439,ENTER,37.26,1,,37.26,,,0,1,A,,,,,
BHP,20130205,11:43:10.439,ENTER,37.26,1,,37.26,,,0,1,B,,,,,
BHP,20130205,11:43:54.989,ENTER,37.26,1,,37.26,,,0,1,A,,,,,
BHP,20130205,11:43:57.751,ENTER,37.27,1,,37.27,,,0,1,B,,,,,
BHP,20130205,11:44:13.411,ENTER,37.26,1,,37.26,,,0,1,A,,,,,
BHP,20130205,11:44:20.099,ENTER,37.26,1,,37.26,,,0,1,B,,,,,
BHP,20130205,11:44:34.789,ENTER,37.25,1,,37.25,,,0,1,A,,,,,
BHP,20130205,11:44:34.973,ENTER,37.26,1,,37.26,,,0,1,B,,,,,
BHP,20130205,11:44:34.989,ENTER,37.26,1,,37.26,,,0,1,A,,,,,
BHP,20130205,11:45:11.183,ENTER,37.25,1,,37.25,,,0,1,B,,,,,
BHP,20130205,11:45:11.212,ENTER,37.24,1,,37.24,,,0,1,A,,,,,
BHP,20130205,11:45:11.355,ENTER,37.25,1,,37.25,,,0,1,B,,,,,
BHP,20130205,11:45:11.597,ENTER,37.24,1,,37.24,,,0,1,A,,,,,
BHP,20130205,11:45:11.597,ENTER,37.24,1,,37.24,,,0,1,B,,,,,
BHP,20130205,11:45:12.405,ENTER,37.24,1,,37.24,,,0,1,A,,,,,
BHP,20130205,11:45:14.025,ENTER,37.24,1,,37.24,,,0,1,B,,,,,
BHP,20130205,11:45:26.002,ENTER,37.23,1,,37.23,,,0,1,A,,,,,
BHP,20130205,11:45:27.252,ENTER,37.24,1,,37.24,,,0,1,B,,,,,
BHP,20130205,11:45:27.316,ENTER,37.24,1,,37.24,,,0,1,A,,,,,
BHP,20130205,11:45:39.480,ENTER,37.25,1,,37.25,,,0,1,B,,,,,
BHP,20130205,11:45:39.480,ENTER,37.25,1,,37.25,,,0,1,A,,,,,
BHP,20130205,11:45:44.375,ENTER,37.26,1,,37.26,,,0,1,B,,,,,
BHP,20130205,11:45:44.378,ENTER,37.26,1,,37.26,,,0,1,A,,,,,
BHP,20130205,11:45:46.325,ENTER,37.25,1,,37.25,,,0,1,B,,,,,
BHP,20130205,11:45:46.342,ENTER,37.24,1,,37.24,,,0,1,A,,,,,
BHP,20130205,11:45:46.342,ENTER,37.24,1,,37.24,,,0,1,B,,,,,
BHP,20130205,11:45:46.552,ENTER,37.24,1,,37.24,,,0,1,A,,,,,
BHP,20130205,11:45:50.805,ENTER,37.25,1,,37.25,,,0,1,B,,,,,
BHP,20130205,11:45:50.805,ENTER,37.25,1,,37.25,,,0,1,A,,,,,
BHP,20130205,11:45:50.805,ENTER,37.26,1,,37.26,,,0,1,B,,,,,
BHP,20130205,11:45:52.934,ENTER,37.25,1,,37.25,,,0,1,A,,,,,
BHP,20130205,11:46:13.407,ENTER,37.25,1,,37.25,,,0,1,B,,,,,
BHP,20130205,11:46:13.407,ENTER,37.25,1,,37.25,,,0,1,A,,,,,
BHP,20130205,11:46:48.128,ENTER,37.24,1,,37.24,,,0,1,B,,,,,
BHP,20130205,11:47:33.040,ENTER,37.23,1,,37.23,,,0,1,A,,,,,
BHP,20130205,11:47:33.084,ENTER,37.23,1,,37.23,,,0,1,B,,,,,
BHP,20130205,11:47:52.113,ENTER,37.22,1,,37.22,,,0,1,A,,,,,
BHP,20130205,11:47:52.114,ENTER,37.22,1,,37.22,,,0,1,B,,,,,
BHP,20130205,11:48:25.089,ENTER,37.22,1,,37.22,,,0,1,A,,,,,
BHP,20130205,11:49:01.891,ENTER,37.22,1,,37.22,,,0,1,B,,,,,
BHP,20130205,11:49:08.940,ENTER,37.21,1,,37.21,,,0,1,A,,,,,
BHP,20130205,11:49:08.940,ENTER,37.21,1,,37.21,,,0,1,B,,,,,
BHP,20130205,11:49:09.032,ENTER,37.22,1,,37.22,,,0,1,A,,,,,
BHP,20130205,11:49:14.387,ENTER,37.21,1,,37.21,,,0,1,B,,,,,
BHP,20130205,11:49:21.998,ENTER,37.21,1,,37.21,,,0,1,A,,,,,
BHP,20130205,11:49:21.998,ENTER,37.21,1,,37.21,,,0,1,B,,,,,
BHP,20130205,11:49:34.627,ENTER,37.2,1,,37.2,,,0,1,A,,,,,
BHP,20130205,11:49:34.627,ENTER,37.2,1,,37.2,,,0,1,B,,,,,
BHP,20130205,11:50:27.855,ENTER,37.21,1,,37.21,,,0,1,A,,,,,
BHP,20130205,11:50:36.546,ENTER,37.21,1,,37.21,,,0,1,B,,,,,
BHP,20130205,11:50:59.420,ENTER,37.21,1,,37.21,,,0,1,A,,,,,
BHP,20130205,11:50:59.422,ENTER,37.21,1,,37.21,,,0,1,B,,,,,
BHP,20130205,11:51:50.901,ENTER,37.22,1,,37.22,,,0,1,A,,,,,
BHP,20130205,11:52:10.131,ENTER,37.22,1,,37.22,,,0,1,B,,,,,
BHP,20130205,11:52:10.131,ENTER,37.22,1,,37.22,,,0,1,A,,,,,
BHP,20130205,11:52:10.180,ENTER,37.23,1,,37.23,,,0,1,B,,,,,
BHP,20130205,11:52:10.180,ENTER,37.23,1,,37.23,,,0,1,A,,,,,
BHP,20130205,11:52:55.136,ENTER,37.22,1,,37.22,,,0,1,B,,,,,
BHP,20130205,11:54:03.903,ENTER,37.22,1,,37.22,,,0,1,A,,,,,
BHP,20130205,11:54:45.164,ENTER,37.23,1,,37.23,,,0,1,B,,,,,
BHP,20130205,11:54:45.165,ENTER,37.23,1,,37.23,,,0,1,A,,,,,
BHP,20130205,11:54:59.689,ENTER,37.24,1,,37.24,,,0,1,B,,,,,
BHP,20130205,11:54:59.689,ENTER,37.24,1,,37.24,,,0,1,A,,,,,
BHP,20130205,11:55:34.038,ENTER,37.23,1,,37.23,,,0,1,B,,,,,
BHP,20130205,11:55:56.387,ENTER,37.23,1,,37.23,,,0,1,A,,,,,
BHP,20130205,11:56:11.833,ENTER,37.24,1,,37.24,,,0,1,B,,,,,
BHP,20130205,11:56:12.044,ENTER,37.23,1,,37.23,,,0,1,A,,,,,
BHP,20130205,11:56:14.052,ENTER,37.23,1,,37.23,,,0,1,B,,,,,
BHP,20130205,11:56:19.566,ENTER,37.24,1,,37.24,,,0,1,A,,,,,
BHP,20130205,11:56:22.955,ENTER,37.23,1,,37.23,,,0,1,B,,,,,
BHP,20130205,11:57:10.048,ENTER,37.22,1,,37.22,,,0,1,A,,,,,
BHP,20130205,11:57:10.048,ENTER,37.22,1,,37.22,,,0,1,B,,,,,
BHP,20130205,11:57:10.205,ENTER,37.21,1,,37.21,,,0,1,A,,,,,
BHP,20130205,11:57:10.205,ENTER,37.21,1,,37.21,,,0,1,B,,,,,
BHP,20130205,11:57:37.331,ENTER,37.21,1,,37.21,,,0,1,A,,,,,
BHP,20130205,11:58:30.436,ENTER,37.21,1,,37.21,,,0,1,B,,,,,
BHP,20130205,11:58:30.436,ENTER,37.21,1,,37.21,,,0,1,A,,,,,
BHP,20130205,11:59:34.674,ENTER,37.2,1,,37.2,,,0,1,B,,,,,
BHP,20130205,12:01:38.102,ENTER,37.19,1,,37.19,,,0,1,A,,,,,
BHP,20130205,12:01:44.913,ENTER,37.2,1,,37.2,,,0,1,B,,,,,
BHP,20130205,12:01:44.913,ENTER,37.2,1,,37.2,,,0,1,A,,,,,
BHP,20130205,12:01:56.255,ENTER,37.2,1,,37.2,,,0,1,B,,,,,
BHP,20130205,12:03:11.337,ENTER,37.18,1,,37.18,,,0,1,A,,,,,
BHP,20130205,12:04:15.610,ENTER,37.17,1,,37.17,,,0,1,B,,,,,
BHP,20130205,12:04:24.621,ENTER,37.18,1,,37.18,,,0,1,A,,,,,
BHP,20130205,12:04:38.475,ENTER,37.19,1,,37.19,,,0,1,B,,,,,
BHP,20130205,12:04:43.174,ENTER,37.18,1,,37.18,,,0,1,A,,,,,
BHP,20130205,12:04:53.184,ENTER,37.18,1,,37.18,,,0,1,B,,,,,
BHP,20130205,12:06:06.064,ENTER,37.18,1,,37.18,,,0,1,A,,,,,
BHP,20130205,12:06:19.205,ENTER,37.19,1,,37.19,,,0,1,B,,,,,
BHP,20130205,12:06:19.205,ENTER,37.19,1,,37.19,,,0,1,A,,,,,
BHP,20130205,12:06:59.377,ENTER,37.19,1,,37.19,,,0,1,B,,,,,
BHP,20130205,12:06:59.377,ENTER,37.19,1,,37.19,,,0,1,A,,,,,
BHP,20130205,12:07:00.315,ENTER,37.19,1,,37.19,,,0,1,B,,,,,
BHP,20130205,12:07:03.216,ENTER,37.18,1,,37.18,,,0,1,A,,,,,
BHP,20130205,12:07:03.216,ENTER,37.18,1,,37.18,,,0,1,B,,,,,
BHP,20130205,12:07:28.229,ENTER,37.18,1,,37.18,,,0,1,A,,,,,
BHP,20130205,12:07:29.536,ENTER,37.18,1,,37.18,,,0,1,B,,,,,
BHP,20130205,12:07:29.583,ENTER,37.19,1,,37.19,,,0,1,A,,,,,
BHP,20130205,12:07:45.557,ENTER,37.19,1,,37.19,,,0,1,B,,,,,
BHP,20130205,12:07:45.557,ENTER,37.19,1,,37.19,,,0,1,A,,,,,
BHP,20130205,12:08:30.133,ENTER,37.19,1,,37.19,,,0,1,B,,,,,
BHP,20130205,12:08:30.171,ENTER,37.19,1,,37.19,,,0,1,A,,,,,
BHP,20130205,12:08:35.778,ENTER,37.2,1,,37.2,,,0,1,B,,,,,
BHP,20130205,12:08:35.957,ENTER,37.2,1,,37.2,,,0,1,A,,,,,
BHP,20130205,12:08:57.030,ENTER,37.21,1,,37.21,,,0,1,B,,,,,
BHP,20130205,12:09:01.691,ENTER,37.205,1,,37.205,,,0,1,A,,,,,
BHP,20130205,12:09:01.739,ENTER,37.21,1,,37.21,,,0,1,B,,,,,
BHP,20130205,12:09:02.528,ENTER,37.2,1,,37.2,,,0,1,A,,,,,
BHP,20130205,12:09:02.528,ENTER,37.2,1,,37.2,,,0,1,B,,,,,
BHP,20130205,12:09:13.278,ENTER,37.205,1,,37.205,,,0,1,A,,,,,
BHP,20130205,12:09:24.393,ENTER,37.21,1,,37.21,,,0,1,B,,,,,
BHP,20130205,12:09:24.656,ENTER,37.21,1,,37.21,,,0,1,A,,,,,
BHP,20130205,12:09:37.101,ENTER,37.22,1,,37.22,,,0,1,B,,,,,
BHP,20130205,12:09:37.634,ENTER,37.21,1,,37.21,,,0,1,A,,,,,
BHP,20130205,12:09:47.792,ENTER,37.21,1,,37.21,,,0,1,B,,,,,
BHP,20130205,12:10:34.592,ENTER,37.21,1,,37.21,,,0,1,A,,,,,
BHP,20130205,12:10:50.544,ENTER,37.21,1,,37.21,,,0,1,B,,,,,
BHP,20130205,12:11:33.133,ENTER,37.21,1,,37.21,,,0,1,A,,,,,
BHP,20130205,12:11:41.766,ENTER,37.21,1,,37.21,,,0,1,B,,,,,
BHP,20130205,12:11:44.938,ENTER,37.22,1,,37.22,,,0,1,A,,,,,
BHP,20130205,12:11:45.920,ENTER,37.23,1,,37.23,,,0,1,B,,,,,
BHP,20130205,12:11:45.920,ENTER,37.23,1,,37.23,,,0,1,A,,,,,
BHP,20130205,12:11:45.925,ENTER,37.24,1,,37.24,,,0,1,B,,,,,
BHP,20130205,12:11:45.957,ENTER,37.23,1,,37.23,,,0,1,A,,,,,
BHP,20130205,12:11:56.741,ENTER,37.24,1,,37.24,,,0,1,B,,,,,
BHP,20130205,12:11:56.741,ENTER,37.24,1,,37.24,,,0,1,A,,,,,
BHP,20130205,12:12:10.178,ENTER,37.23,1,,37.23,,,0,1,B,,,,,
BHP,20130205,12:12:11.284,ENTER,37.24,1,,37.24,,,0,1,A,,,,,
BHP,20130205,12:12:30.806,ENTER,37.25,1,,37.25,,,0,1,B,,,,,
BHP,20130205,12:12:50.907,ENTER,37.245,1,,37.245,,,0,1,A,,,,,
BHP,20130205,12:13:38.565,ENTER,37.24,1,,37.24,,,0,1,B,,,,,
BHP,20130205,12:13:44.024,ENTER,37.23,1,,37.23,,,0,1,A,,,,,
BHP,20130205,12:13:44.024,ENTER,37.23,1,,37.23,,,0,1,B,,,,,
BHP,20130205,12:14:16.926,ENTER,37.24,1,,37.24,,,0,1,A,,,,,
BHP,20130205,12:14:16.988,ENTER,37.24,1,,37.24,,,0,1,B,,,,,
BHP,20130205,12:14:17.073,ENTER,37.24,1,,37.24,,,0,1,A,,,,,
BHP,20130205,12:14:38.417,ENTER,37.24,1,,37.24,,,0,1,B,,,,,
BHP,20130205,12:14:43.059,ENTER,37.24,1,,37.24,,,0,1,A,,,,,
BHP,20130205,12:14:44.619,ENTER,37.24,1,,37.24,,,0,1,B,,,,,
BHP,20130205,12:14:44.619,ENTER,37.24,1,,37.24,,,0,1,A,,,,,
BHP,20130205,12:15:09.798,ENTER,37.24,1,,37.24,,,0,1,B,,,,,
BHP,20130205,12:15:12.185,ENTER,37.23,1,,37.23,,,0,1,A,,,,,
BHP,20130205,12:15:14.287,ENTER,37.24,1,,37.24,,,0,1,B,,,,,
BHP,20130205,12:15:14.287,ENTER,37.24,1,,37.24,,,0,1,A,,,,,
BHP,20130205,12:16:47.787,ENTER,37.23,1,,37.23,,,0,1,B,,,,,
BHP,20130205,12:17:18.851,ENTER,37.23,1,,37.23,,,0,1,A,,,,,
BHP,20130205,12:17:18.851,ENTER,37.23,1,,37.23,,,0,1,B,,,,,
BHP,20130205,12:17:55.433,ENTER,37.23,1,,37.23,,,0,1,A,,,,,
BHP,20130205,12:19:34.041,ENTER,37.23,1,,37.23,,,0,1,B,,,,,
BHP,20130205,12:19:50.029,ENTER,37.23,1,,37.23,,,0,1,A,,,,,
BHP,20130205,12:20:00.932,ENTER,37.22,1,,37.22,,,0,1,B,,,,,
BHP,20130205,12:20:02.069,ENTER,37.23,1,,37.23,,,0,1,A,,,,,
BHP,20130205,12:21:03.544,ENTER,37.22,1,,37.22,,,0,1,B,,,,,
BHP,20130205,12:21:57.116,ENTER,37.22,1,,37.22,,,0,1,A,,,,,
BHP,20130205,12:22:00.952,ENTER,37.23,1,,37.23,,,0,1,B,,,,,
BHP,20130205,12:22:15.902,ENTER,37.23,1,,37.23,,,0,1,A,,,,,
BHP,20130205,12:22:15.925,ENTER,37.24,1,,37.24,,,0,1,B,,,,,
BHP,20130205,12:22:15.925,ENTER,37.24,1,,37.24,,,0,1,A,,,,,
BHP,20130205,12:22:37.639,ENTER,37.24,1,,37.24,,,0,1,B,,,,,
BHP,20130205,12:22:38.689,ENTER,37.25,1,,37.25,,,0,1,A,,,,,
BHP,20130205,12:23:19.040,ENTER,37.26,1,,37.26,,,0,1,B,,,,,
BHP,20130205,12:23:19.040,ENTER,37.26,1,,37.26,,,0,1,A,,,,,
BHP,20130205,12:23:56.815,ENTER,37.25,1,,37.25,,,0,1,B,,,,,
BHP,20130205,12:24:20.193,ENTER,37.25,1,,37.25,,,0,1,A,,,,,
BHP,20130205,12:24:28.243,ENTER,37.25,1,,37.25,,,0,1,B,,,,,
BHP,20130205,12:25:30.954,ENTER,37.26,1,,37.26,,,0,1,A,,,,,
BHP,20130205,12:25:31.037,ENTER,37.27,1,,37.27,,,0,1,B,,,,,
BHP,20130205,12:25:31.037,ENTER,37.27,1,,37.27,,,0,1,A,,,,,
BHP,20130205,12:26:43.127,ENTER,37.27,1,,37.27,,,0,1,B,,,,,
BHP,20130205,12:26:53.929,ENTER,37.275,1,,37.275,,,0,1,A,,,,,
BHP,20130205,12:27:17.199,ENTER,37.28,1,,37.28,,,0,1,B,,,,,
BHP,20130205,12:27:17.199,ENTER,37.28,1,,37.28,,,0,1,A,,,,,
BHP,20130205,12:27:17.256,ENTER,37.27,1,,37.27,,,0,1,B,,,,,
BHP,20130205,12:27:17.300,ENTER,37.28,1,,37.28,,,0,1,A,,,,,
BHP,20130205,12:27:35.685,ENTER,37.27,1,,37.27,,,0,1,B,,,,,
BHP,20130205,12:28:20.505,ENTER,37.28,1,,37.28,,,0,1,A,,,,,
BHP,20130205,12:28:52.269,ENTER,37.29,1,,37.29,,,0,1,B,,,,,
BHP,20130205,12:28:57.571,ENTER,37.28,1,,37.28,,,0,1,A,,,,,
BHP,20130205,12:29:11.519,ENTER,37.28,1,,37.28,,,0,1,B,,,,,
BHP,20130205,12:30:14.831,ENTER,37.27,1,,37.27,,,0,1,A,,,,,
BHP,20130205,12:30:14.831,ENTER,37.27,1,,37.27,,,0,1,B,,,,,
BHP,20130205,12:30:14.832,ENTER,37.26,1,,37.26,,,0,1,A,,,,,
BHP,20130205,12:30:14.832,ENTER,37.26,1,,37.26,,,0,1,B,,,,,
BHP,20130205,12:30:14.921,ENTER,37.27,1,,37.27,,,0,1,A,,,,,
BHP,20130205,12:30:15.281,ENTER,37.27,1,,37.27,,,0,1,B,,,,,
BHP,20130205,12:30:15.281,ENTER,37.27,1,,37.27,,,0,1,A,,,,,
BHP,20130205,12:30:21.323,ENTER,37.26,1,,37.26,,,0,1,B,,,,,
BHP,20130205,12:30:21.555,ENTER,37.27,1,,37.27,,,0,1,A,,,,,
BHP,20130205,12:30:39.030,ENTER,37.26,1,,37.26,,,0,1,B,,,,,
BHP,20130205,12:30:52.957,ENTER,37.27,1,,37.27,,,0,1,A,,,,,
BHP,20130205,12:31:17.284,ENTER,37.28,1,,37.28,,,0,1,B,,,,,
BHP,20130205,12:31:17.284,ENTER,37.28,1,,37.28,,,0,1,A,,,,,
BHP,20130205,12:31:21.876,ENTER,37.29,1,,37.29,,,0,1,B,,,,,
BHP,20130205,12:31:27.654,ENTER,37.28,1,,37.28,,,0,1,A,,,,,
BHP,20130205,12:31:27.654,ENTER,37.28,1,,37.28,,,0,1,B,,,,,
BHP,20130205,12:31:32.101,ENTER,37.27,1,,37.27,,,0,1,A,,,,,
BHP,20130205,12:31:32.101,ENTER,37.27,1,,37.27,,,0,1,B,,,,,
BHP,20130205,12:32:12.670,ENTER,37.275,1,,37.275,,,0,1,A,,,,,
BHP,20130205,12:32:23.568,ENTER,37.29,1,,37.29,,,0,1,B,,,,,
BHP,20130205,12:32:23.568,ENTER,37.29,1,,37.29,,,0,1,A,,,,,
BHP,20130205,12:32:26.628,ENTER,37.3,1,,37.3,,,0,1,B,,,,,
BHP,20130205,12:32:26.628,ENTER,37.3,1,,37.3,,,0,1,A,,,,,
BHP,20130205,12:32:26.663,ENTER,37.29,1,,37.29,,,0,1,B,,,,,
BHP,20130205,12:32:27.476,ENTER,37.295,1,,37.295,,,0,1,A,,,,,
BHP,20130205,12:32:39.169,ENTER,37.28,1,,37.28,,,0,1,B,,,,,
BHP,20130205,12:33:07.165,ENTER,37.27,1,,37.27,,,0,1,A,,,,,
BHP,20130205,12:33:07.165,ENTER,37.27,1,,37.27,,,0,1,B,,,,,
BHP,20130205,12:33:21.883,ENTER,37.28,1,,37.28,,,0,1,A,,,,,
BHP,20130205,12:33:43.935,ENTER,37.29,1,,37.29,,,0,1,B,,,,,
BHP,20130205,12:33:44.012,ENTER,37.27,1,,37.27,,,0,1,A,,,,,
BHP,20130205,12:33:48.958,ENTER,37.28,1,,37.28,,,0,1,B,,,,,
BHP,20130205,12:33:48.958,ENTER,37.28,1,,37.28,,,0,1,A,,,,,
BHP,20130205,12:33:48.958,ENTER,37.27,1,,37.27,,,0,1,B,,,,,
BHP,20130205,12:33:49.016,ENTER,37.27,1,,37.27,,,0,1,A,,,,,
BHP,20130205,12:33:55.404,ENTER,37.28,1,,37.28,,,0,1,B,,,,,
BHP,20130205,12:33:55.404,ENTER,37.28,1,,37.28,,,0,1,A,,,,,
BHP,20130205,12:34:44.709,ENTER,37.27,1,,37.27,,,0,1,B,,,,,
BHP,20130205,12:35:22.783,ENTER,37.26,1,,37.26,,,0,1,A,,,,,
BHP,20130205,12:35:22.783,ENTER,37.26,1,,37.26,,,0,1,B,,,,,
BHP,20130205,12:35:41.029,ENTER,37.27,1,,37.27,,,0,1,A,,,,,
BHP,20130205,12:35:41.093,ENTER,37.27,1,,37.27,,,0,1,B,,,,,
BHP,20130205,12:35:48.164,ENTER,37.26,1,,37.26,,,0,1,A,,,,,
BHP,20130205,12:35:48.164,ENTER,37.26,1,,37.26,,,0,1,B,,,,,
BHP,20130205,12:35:48.178,ENTER,37.25,1,,37.25,,,0,1,A,,,,,
BHP,20130205,12:35:48.178,ENTER,37.25,1,,37.25,,,0,1,B,,,,,
BHP,20130205,12:36:12.725,ENTER,37.26,1,,37.26,,,0,1,A,,,,,
BHP,20130205,12:36:16.035,ENTER,37.27,1,,37.27,,,0,1,B,,,,,
BHP,20130205,12:36:20.512,ENTER,37.26,1,,37.26,,,0,1,A,,,,,
BHP,20130205,12:36:32.922,ENTER,37.26,1,,37.26,,,0,1,B,,,,,
BHP,20130205,12:36:45.269,ENTER,37.26,1,,37.26,,,0,1,A,,,,,
BHP,20130205,12:36:46.737,ENTER,37.26,1,,37.26,,,0,1,B,,,,,
BHP,20130205,12:36:53.585,ENTER,37.25,1,,37.25,,,0,1,A,,,,,
BHP,20130205,12:36:53.585,ENTER,37.25,1,,37.25,,,0,1,B,,,,,
BHP,20130205,12:37:03.180,ENTER,37.26,1,,37.26,,,0,1,A,,,,,
BHP,20130205,12:37:23.823,ENTER,37.25,1,,37.25,,,0,1,B,,,,,
BHP,20130205,12:38:31.725,ENTER,37.24,1,,37.24,,,0,1,A,,,,,
BHP,20130205,12:38:32.783,ENTER,37.25,1,,37.25,,,0,1,B,,,,,
BHP,20130205,12:38:32.821,ENTER,37.25,1,,37.25,,,0,1,A,,,,,
BHP,20130205,12:38:36.793,ENTER,37.26,1,,37.26,,,0,1,B,,,,,
BHP,20130205,12:38:36.803,ENTER,37.26,1,,37.26,,,0,1,A,,,,,
BHP,20130205,12:39:16.397,ENTER,37.25,1,,37.25,,,0,1,B,,,,,
BHP,20130205,12:39:49.004,ENTER,37.25,1,,37.25,,,0,1,A,,,,,
BHP,20130205,12:39:49.239,ENTER,37.25,1,,37.25,,,0,1,B,,,,,
BHP,20130205,12:40:21.081,ENTER,37.24,1,,37.24,,,0,1,A,,,,,
BHP,20130205,12:40:40.671,ENTER,37.245,1,,37.245,,,0,1,B,,,,,
BHP,20130205,12:40:49.772,ENTER,37.24,1,,37.24,,,0,1,A,,,,,
BHP,20130205,12:41:20.676,ENTER,37.24,1,,37.24,,,0,1,B,,,,,
BHP,20130205,12:41:22.888,ENTER,37.23,1,,37.23,,,0,1,A,,,,,
BHP,20130205,12:41:29.023,ENTER,37.23,1,,37.23,,,0,1,B,,,,,
BHP,20130205,12:41:56.430,ENTER,37.235,1,,37.235,,,0,1,A,,,,,
BHP,20130205,12:41:59.045,ENTER,37.25,1,,37.25,,,0,1,B,,,,,
BHP,20130205,12:41:59.419,ENTER,37.25,1,,37.25,,,0,1,A,,,,,
BHP,20130205,12:42:00.710,ENTER,37.26,1,,37.26,,,0,1,B,,,,,
BHP,20130205,12:42:27.112,ENTER,37.25,1,,37.25,,,0,1,A,,,,,
BHP,20130205,12:42:27.112,ENTER,37.25,1,,37.25,,,0,1,B,,,,,
BHP,20130205,12:43:07.636,ENTER,37.24,1,,37.24,,,0,1,A,,,,,
BHP,20130205,12:43:07.636,ENTER,37.24,1,,37.24,,,0,1,B,,,,,
BHP,20130205,12:43:30.549,ENTER,37.23,1,,37.23,,,0,1,A,,,,,
BHP,20130205,12:43:30.549,ENTER,37.23,1,,37.23,,,0,1,B,,,,,
BHP,20130205,12:43:44.310,ENTER,37.22,1,,37.22,,,0,1,A,,,,,
BHP,20130205,12:43:44.311,ENTER,37.22,1,,37.22,,,0,1,B,,,,,
BHP,20130205,12:43:44.350,ENTER,37.21,1,,37.21,,,0,1,A,,,,,
BHP,20130205,12:43:44.350,ENTER,37.21,1,,37.21,,,0,1,B,,,,,
BHP,20130205,12:44:03.791,ENTER,37.22,1,,37.22,,,0,1,A,,,,,
BHP,20130205,12:44:09.647,ENTER,37.23,1,,37.23,,,0,1,B,,,,,
BHP,20130205,12:44:09.647,ENTER,37.23,1,,37.23,,,0,1,A,,,,,
BHP,20130205,12:44:58.617,ENTER,37.23,1,,37.23,,,0,1,B,,,,,
BHP,20130205,12:45:00.541,ENTER,37.22,1,,37.22,,,0,1,A,,,,,
BHP,20130205,12:45:00.541,ENTER,37.22,1,,37.22,,,0,1,B,,,,,
BHP,20130205,12:45:07.414,ENTER,37.24,1,,37.24,,,0,1,A,,,,,
BHP,20130205,12:45:07.853,ENTER,37.25,1,,37.25,,,0,1,B,,,,,
BHP,20130205,12:45:07.983,ENTER,37.25,1,,37.25,,,0,1,A,,,,,
BHP,20130205,12:45:07.983,ENTER,37.24,1,,37.24,,,0,1,B,,,,,
BHP,20130205,12:45:07.983,ENTER,37.23,1,,37.23,,,0,1,A,,,,,
BHP,20130205,12:45:08.863,ENTER,37.24,1,,37.24,,,0,1,B,,,,,
BHP,20130205,12:45:26.807,ENTER,37.24,1,,37.24,,,0,1,A,,,,,
BHP,20130205,12:46:32.269,ENTER,37.23,1,,37.23,,,0,1,B,,,,,
BHP,20130205,12:46:52.103,ENTER,37.22,1,,37.22,,,0,1,A,,,,,
BHP,20130205,12:46:52.103,ENTER,37.22,1,,37.22,,,0,1,B,,,,,
BHP,20130205,12:47:02.705,ENTER,37.22,1,,37.22,,,0,1,A,,,,,
BHP,20130205,12:47:12.708,ENTER,37.22,1,,37.22,,,0,1,B,,,,,
BHP,20130205,12:47:30.681,ENTER,37.23,1,,37.23,,,0,1,A,,,,,
BHP,20130205,12:48:20.660,ENTER,37.21,1,,37.21,,,0,1,B,,,,,
BHP,20130205,12:48:38.650,ENTER,37.22,1,,37.22,,,0,1,A,,,,,
BHP,20130205,12:48:45.546,ENTER,37.24,1,,37.24,,,0,1,B,,,,,
BHP,20130205,12:48:48.021,ENTER,37.23,1,,37.23,,,0,1,A,,,,,
BHP,20130205,12:48:57.837,ENTER,37.23,1,,37.23,,,0,1,B,,,,,
BHP,20130205,12:48:58.992,ENTER,37.24,1,,37.24,,,0,1,A,,,,,
BHP,20130205,12:48:58.992,ENTER,37.24,1,,37.24,,,0,1,B,,,,,
BHP,20130205,12:49:21.301,ENTER,37.26,1,,37.26,,,0,1,A,,,,,
BHP,20130205,12:49:35.842,ENTER,37.25,1,,37.25,,,0,1,B,,,,,
BHP,20130205,12:49:53.189,ENTER,37.27,1,,37.27,,,0,1,A,,,,,
BHP,20130205,12:50:08.336,ENTER,37.29,1,,37.29,,,0,1,B,,,,,
BHP,20130205,12:50:16.952,ENTER,37.29,1,,37.29,,,0,1,A,,,,,
BHP,20130205,12:51:20.839,ENTER,37.28,1,,37.28,,,0,1,B,,,,,
BHP,20130205,12:51:20.956,ENTER,37.27,1,,37.27,,,0,1,A,,,,,
BHP,20130205,12:51:24.519,ENTER,37.27,1,,37.27,,,0,1,B,,,,,
BHP,20130205,12:51:24.550,ENTER,37.26,1,,37.26,,,0,1,A,,,,,
BHP,20130205,12:51:24.550,ENTER,37.26,1,,37.26,,,0,1,B,,,,,
BHP,20130205,12:51:29.802,ENTER,37.26,1,,37.26,,,0,1,A,,,,,
BHP,20130205,12:51:33.567,ENTER,37.25,1,,37.25,,,0,1,B,,,,,
BHP,20130205,12:52:42.986,ENTER,37.26,1,,37.26,,,0,1,A,,,,,
BHP,20130205,12:53:37.476,ENTER,37.26,1,,37.26,,,0,1,B,,,,,
BHP,20130205,12:53:39.143,ENTER,37.25,1,,37.25,,,0,1,A,,,,,
BHP,20130205,12:53:39.143,ENTER,37.25,1,,37.25,,,0,1,B,,,,,
BHP,20130205,12:54:47.786,ENTER,37.25,1,,37.25,,,0,1,A,,,,,
BHP,20130205,12:54:47.786,ENTER,37.25,1,,37.25,,,0,1,B,,,,,
BHP,20130205,12:55:04.097,ENTER,37.26,1,,37.26,,,0,1,A,,,,,
BHP,20130205,12:55:19.818,ENTER,37.27,1,,37.27,,,0,1,B,,,,,
BHP,20130205,12:55:19.818,ENTER,37.27,1,,37.27,,,0,1,A,,,,,
BHP,20130205,12:55:22.506,ENTER,37.27,1,,37.27,,,0,1,B,,,,,
BHP,20130205,12:55:22.517,ENTER,37.26,1,,37.26,,,0,1,A,,,,,
BHP,20130205,12:55:22.773,ENTER,37.27,1,,37.27,,,0,1,B,,,,,
BHP,20130205,12:55:22.834,ENTER,37.27,1,,37.27,,,0,1,A,,,,,
BHP,20130205,12:55:51.719,ENTER,37.26,1,,37.26,,,0,1,B,,,,,
BHP,20130205,12:55:57.653,ENTER,37.25,1,,37.25,,,0,1,A,,,,,
BHP,20130205,12:55:57.653,ENTER,37.25,1,,37.25,,,0,1,B,,,,,
BHP,20130205,12:56:44.381,ENTER,37.25,1,,37.25,,,0,1,A,,,,,
BHP,20130205,12:56:47.060,ENTER,37.25,1,,37.25,,,0,1,B,,,,,
BHP,20130205,12:56:56.056,ENTER,37.26,1,,37.26,,,0,1,A,,,,,
BHP,20130205,12:58:19.056,ENTER,37.27,1,,37.27,,,0,1,B,,,,,
BHP,20130205,12:58:21.310,ENTER,37.26,1,,37.26,,,0,1,A,,,,,
BHP,20130205,12:58:21.310,ENTER,37.26,1,,37.26,,,0,1,B,,,,,
BHP,20130205,12:58:32.775,ENTER,37.27,1,,37.27,,,0,1,A,,,,,
BHP,20130205,12:59:07.708,ENTER,37.27,1,,37.27,,,0,1,B,,,,,
BHP,20130205,12:59:07.708,ENTER,37.27,1,,37.27,,,0,1,A,,,,,
BHP,20130205,12:59:13.470,ENTER,37.28,1,,37.28,,,0,1,B,,,,,
BHP,20130205,12:59:13.470,ENTER,37.28,1,,37.28,,,0,1,A,,,,,
BHP,20130205,13:00:01.727,ENTER,37.27,1,,37.27,,,0,1,B,,,,,
BHP,20130205,13:00:17.429,ENTER,37.26,1,,37.26,,,0,1,A,,,,,
BHP,20130205,13:00:17.429,ENTER,37.26,1,,37.26,,,0,1,B,,,,,
BHP,20130205,13:00:20.048,ENTER,37.26,1,,37.26,,,0,1,A,,,,,
BHP,20130205,13:00:20.080,ENTER,37.26,1,,37.26,,,0,1,B,,,,,
BHP,20130205,13:00:23.972,ENTER,37.27,1,,37.27,,,0,1,A,,,,,
BHP,20130205,13:00:23.972,ENTER,37.28,1,,37.28,,,0,1,B,,,,,
BHP,20130205,13:00:23.972,ENTER,37.28,1,,37.28,,,0,1,A,,,,,
BHP,20130205,13:01:25.156,ENTER,37.285,1,,37.285,,,0,1,B,,,,,
BHP,20130205,13:02:45.301,ENTER,37.28,1,,37.28,,,0,1,A,,,,,
BHP,20130205,13:03:22.409,ENTER,37.285,1,,37.285,,,0,1,B,,,,,
BHP,20130205,13:03:41.699,ENTER,37.28,1,,37.28,,,0,1,A,,,,,
BHP,20130205,13:03:45.239,ENTER,37.29,1,,37.29,,,0,1,B,,,,,
BHP,20130205,13:03:45.239,ENTER,37.29,1,,37.29,,,0,1,A,,,,,
BHP,20130205,13:03:45.292,ENTER,37.3,1,,37.3,,,0,1,B,,,,,
BHP,20130205,13:03:45.292,ENTER,37.3,1,,37.3,,,0,1,A,,,,,
BHP,20130205,13:03:49.707,ENTER,37.31,1,,37.31,,,0,1,B,,,,,
BHP,20130205,13:04:03.171,ENTER,37.31,1,,37.31,,,0,1,A,,,,,
BHP,20130205,13:05:40.241,ENTER,37.3,1,,37.3,,,0,1,B,,,,,
BHP,20130205,13:06:13.326,ENTER,37.29,1,,37.29,,,0,1,A,,,,,
BHP,20130205,13:06:13.959,ENTER,37.295,1,,37.295,,,0,1,B,,,,,
BHP,20130205,13:08:45.887,ENTER,37.29,1,,37.29,,,0,1,A,,,,,
BHP,20130205,13:08:46.243,ENTER,37.29,1,,37.29,,,0,1,B,,,,,
BHP,20130205,13:09:07.972,ENTER,37.3,1,,37.3,,,0,1,A,,,,,
BHP,20130205,13:09:34.671,ENTER,37.29,1,,37.29,,,0,1,B,,,,,
BHP,20130205,13:10:02.251,ENTER,37.28,1,,37.28,,,0,1,A,,,,,
BHP,20130205,13:10:04.138,ENTER,37.28,1,,37.28,,,0,1,B,,,,,
BHP,20130205,13:10:04.258,ENTER,37.29,1,,37.29,,,0,1,A,,,,,
BHP,20130205,13:11:02.176,ENTER,37.29,1,,37.29,,,0,1,B,,,,,
BHP,20130205,13:11:52.563,ENTER,37.29,1,,37.29,,,0,1,A,,,,,
BHP,20130205,13:13:11.311,ENTER,37.29,1,,37.29,,,0,1,B,,,,,
BHP,20130205,13:14:20.830,ENTER,37.28,1,,37.28,,,0,1,A,,,,,
BHP,20130205,13:14:20.830,ENTER,37.28,1,,37.28,,,0,1,B,,,,,
BHP,20130205,13:15:00.174,ENTER,37.29,1,,37.29,,,0,1,A,,,,,
BHP,20130205,13:15:26.436,ENTER,37.29,1,,37.29,,,0,1,B,,,,,
BHP,20130205,13:15:40.709,ENTER,37.28,1,,37.28,,,0,1,A,,,,,
BHP,20130205,13:15:40.720,ENTER,37.28,1,,37.28,,,0,1,B,,,,,
BHP,20130205,13:15:58.849,ENTER,37.27,1,,37.27,,,0,1,A,,,,,
BHP,20130205,13:16:06.112,ENTER,37.28,1,,37.28,,,0,1,B,,,,,
BHP,20130205,13:17:16.481,ENTER,37.285,1,,37.285,,,0,1,A,,,,,
BHP,20130205,13:17:31.736,ENTER,37.29,1,,37.29,,,0,1,B,,,,,
BHP,20130205,13:19:46.165,ENTER,37.28,1,,37.28,,,0,1,A,,,,,
BHP,20130205,13:19:46.165,ENTER,37.28,1,,37.28,,,0,1,B,,,,,
BHP,20130205,13:21:37.514,ENTER,37.29,1,,37.29,,,0,1,A,,,,,
BHP,20130205,13:21:37.678,ENTER,37.3,1,,37.3,,,0,1,B,,,,,
BHP,20130205,13:21:37.678,ENTER,37.3,1,,37.3,,,0,1,A,,,,,
BHP,20130205,13:21:44.452,ENTER,37.3,1,,37.3,,,0,1,B,,,,,
BHP,20130205,13:21:44.452,ENTER,37.3,1,,37.3,,,0,1,A,,,,,
BHP,20130205,13:23:27.062,ENTER,37.295,1,,37.295,,,0,1,B,,,,,
BHP,20130205,13:23:41.987,ENTER,37.28,1,,37.28,,,0,1,A,,,,,
BHP,20130205,13:23:41.987,ENTER,37.28,1,,37.28,,,0,1,B,,,,,
BHP,20130205,13:25:51.388,ENTER,37.29,1,,37.29,,,0,1,A,,,,,
BHP,20130205,13:25:58.929,ENTER,37.285,1,,37.285,,,0,1,B,,,,,
BHP,20130205,13:26:18.620,ENTER,37.28,1,,37.28,,,0,1,A,,,,,
BHP,20130205,13:26:20.863,ENTER,37.29,1,,37.29,,,0,1,B,,,,,
BHP,20130205,13:26:50.839,ENTER,37.29,1,,37.29,,,0,1,A,,,,,
BHP,20130205,13:29:20.385,ENTER,37.275,1,,37.275,,,0,1,B,,,,,
BHP,20130205,13:29:27.988,ENTER,37.27,1,,37.27,,,0,1,A,,,,,
BHP,20130205,13:29:49.690,ENTER,37.27,1,,37.27,,,0,1,B,,,,,
BHP,20130205,13:29:49.690,ENTER,37.27,1,,37.27,,,0,1,A,,,,,
BHP,20130205,13:32:10.003,ENTER,37.25,1,,37.25,,,0,1,B,,,,,
BHP,20130205,13:32:10.174,ENTER,37.24,1,,37.24,,,0,1,A,,,,,
BHP,20130205,13:32:10.492,ENTER,37.24,1,,37.24,,,0,1,B,,,,,
BHP,20130205,13:32:19.426,ENTER,37.23,1,,37.23,,,0,1,A,,,,,
BHP,20130205,13:32:20.000,ENTER,37.23,1,,37.23,,,0,1,B,,,,,
BHP,20130205,13:32:27.720,ENTER,37.24,1,,37.24,,,0,1,A,,,,,
BHP,20130205,13:32:40.265,ENTER,37.23,1,,37.23,,,0,1,B,,,,,
BHP,20130205,13:32:40.303,ENTER,37.24,1,,37.24,,,0,1,A,,,,,
BHP,20130205,13:32:51.190,ENTER,37.24,1,,37.24,,,0,1,B,,,,,
BHP,20130205,13:32:55.212,ENTER,37.23,1,,37.23,,,0,1,A,,,,,
BHP,20130205,13:32:59.160,ENTER,37.24,1,,37.24,,,0,1,B,,,,,
BHP,20130205,13:32:59.160,ENTER,37.24,1,,37.24,,,0,1,A,,,,,
BHP,20130205,13:33:56.937,ENTER,37.23,1,,37.23,,,0,1,B,,,,,
BHP,20130205,13:34:01.074,ENTER,37.24,1,,37.24,,,0,1,A,,,,,
BHP,20130205,13:35:24.027,ENTER,37.25,1,,37.25,,,0,1,B,,,,,
BHP,20130205,13:35:26.353,ENTER,37.24,1,,37.24,,,0,1,A,,,,,
BHP,20130205,13:35:26.645,ENTER,37.24,1,,37.24,,,0,1,B,,,,,
BHP,20130205,13:35:52.195,ENTER,37.23,1,,37.23,,,0,1,A,,,,,
BHP,20130205,13:36:02.205,ENTER,37.24,1,,37.24,,,0,1,B,,,,,
BHP,20130205,13:36:02.205,ENTER,37.24,1,,37.24,,,0,1,A,,,,,
BHP,20130205,13:36:53.263,ENTER,37.23,1,,37.23,,,0,1,B,,,,,
BHP,20130205,13:37:36.660,ENTER,37.24,1,,37.24,,,0,1,A,,,,,
BHP,20130205,13:37:36.700,ENTER,37.25,1,,37.25,,,0,1,B,,,,,
BHP,20130205,13:37:36.700,ENTER,37.25,1,,37.25,,,0,1,A,,,,,
BHP,20130205,13:37:36.790,ENTER,37.25,1,,37.25,,,0,1,B,,,,,
BHP,20130205,13:37:36.790,ENTER,37.24,1,,37.24,,,0,1,A,,,,,
BHP,20130205,13:37:36.790,ENTER,37.24,1,,37.24,,,0,1,B,,,,,
BHP,20130205,13:37:36.872,ENTER,37.24,1,,37.24,,,0,1,A,,,,,
BHP,20130205,13:37:36.891,ENTER,37.24,1,,37.24,,,0,1,B,,,,,
BHP,20130205,13:38:43.188,ENTER,37.23,1,,37.23,,,0,1,A,,,,,
BHP,20130205,13:38:43.188,ENTER,37.23,1,,37.23,,,0,1,B,,,,,
BHP,20130205,13:38:47.867,ENTER,37.22,1,,37.22,,,0,1,A,,,,,
BHP,20130205,13:38:49.110,ENTER,37.23,1,,37.23,,,0,1,B,,,,,
BHP,20130205,13:39:03.946,ENTER,37.23,1,,37.23,,,0,1,A,,,,,
BHP,20130205,13:39:23.405,ENTER,37.24,1,,37.24,,,0,1,B,,,,,
BHP,20130205,13:40:35.500,ENTER,37.24,1,,37.24,,,0,1,A,,,,,
BHP,20130205,13:41:45.489,ENTER,37.24,1,,37.24,,,0,1,B,,,,,
BHP,20130205,13:41:45.522,ENTER,37.23,1,,37.23,,,0,1,A,,,,,
BHP,20130205,13:42:06.671,ENTER,37.23,1,,37.23,,,0,1,B,,,,,
BHP,20130205,13:42:12.921,ENTER,37.22,1,,37.22,,,0,1,A,,,,,
BHP,20130205,13:42:12.921,ENTER,37.22,1,,37.22,,,0,1,B,,,,,
BHP,20130205,13:42:12.974,ENTER,37.21,1,,37.21,,,0,1,A,,,,,
BHP,20130205,13:42:12.974,ENTER,37.21,1,,37.21,,,0,1,B,,,,,
BHP,20130205,13:42:46.419,ENTER,37.22,1,,37.22,,,0,1,A,,,,,
BHP,20130205,13:44:17.487,ENTER,37.22,1,,37.22,,,0,1,B,,,,,
BHP,20130205,13:44:17.487,ENTER,37.22,1,,37.22,,,0,1,A,,,,,
BHP,20130205,13:44:32.087,ENTER,37.2,1,,37.2,,,0,1,B,,,,,
BHP,20130205,13:44:32.252,ENTER,37.19,1,,37.19,,,0,1,A,,,,,
BHP,20130205,13:44:32.267,ENTER,37.19,1,,37.19,,,0,1,B,,,,,
BHP,20130205,13:44:32.415,ENTER,37.2,1,,37.2,,,0,1,A,,,,,
BHP,20130205,13:44:32.990,ENTER,37.19,1,,37.19,,,0,1,B,,,,,
BHP,20130205,13:44:44.299,ENTER,37.21,1,,37.21,,,0,1,A,,,,,
BHP,20130205,13:45:33.031,ENTER,37.2,1,,37.2,,,0,1,B,,,,,
BHP,20130205,13:46:00.560,ENTER,37.19,1,,37.19,,,0,1,A,,,,,
BHP,20130205,13:46:07.762,ENTER,37.2,1,,37.2,,,0,1,B,,,,,
BHP,20130205,13:46:07.762,ENTER,37.2,1,,37.2,,,0,1,A,,,,,
BHP,20130205,13:46:36.273,ENTER,37.2,1,,37.2,,,0,1,B,,,,,
BHP,20130205,13:46:36.273,ENTER,37.2,1,,37.2,,,0,1,A,,,,,
BHP,20130205,13:48:07.808,ENTER,37.2,1,,37.2,,,0,1,B,,,,,
BHP,20130205,13:48:30.730,ENTER,37.19,1,,37.19,,,0,1,A,,,,,
BHP,20130205,13:48:30.730,ENTER,37.19,1,,37.19,,,0,1,B,,,,,
BHP,20130205,13:49:10.472,ENTER,37.18,1,,37.18,,,0,1,A,,,,,
BHP,20130205,13:49:16.898,ENTER,37.18,1,,37.18,,,0,1,B,,,,,
BHP,20130205,13:50:05.390,ENTER,37.19,1,,37.19,,,0,1,A,,,,,
BHP,20130205,13:50:21.124,ENTER,37.2,1,,37.2,,,0,1,B,,,,,
BHP,20130205,13:51:07.673,ENTER,37.195,1,,37.195,,,0,1,A,,,,,
BHP,20130205,13:51:41.438,ENTER,37.2,1,,37.2,,,0,1,B,,,,,
BHP,20130205,13:51:41.945,ENTER,37.19,1,,37.19,,,0,1,A,,,,,
BHP,20130205,13:51:51.874,ENTER,37.19,1,,37.19,,,0,1,B,,,,,
BHP,20130205,13:52:15.692,ENTER,37.18,1,,37.18,,,0,1,A,,,,,
BHP,20130205,13:52:15.692,ENTER,37.18,1,,37.18,,,0,1,B,,,,,
BHP,20130205,13:52:17.175,ENTER,37.18,1,,37.18,,,0,1,A,,,,,
BHP,20130205,13:52:20.670,ENTER,37.18,1,,37.18,,,0,1,B,,,,,
BHP,20130205,13:52:29.023,ENTER,37.18,1,,37.18,,,0,1,A,,,,,
BHP,20130205,13:52:29.023,ENTER,37.18,1,,37.18,,,0,1,B,,,,,
BHP,20130205,13:54:08.877,ENTER,37.17,1,,37.17,,,0,1,A,,,,,
BHP,20130205,13:54:43.696,ENTER,37.17,1,,37.17,,,0,1,B,,,,,
BHP,20130205,13:54:43.697,ENTER,37.16,1,,37.16,,,0,1,A,,,,,
BHP,20130205,13:54:43.697,ENTER,37.16,1,,37.16,,,0,1,B,,,,,
BHP,20130205,13:54:52.866,ENTER,37.17,1,,37.17,,,0,1,A,,,,,
BHP,20130205,13:54:52.896,ENTER,37.18,1,,37.18,,,0,1,B,,,,,
BHP,20130205,13:54:52.896,ENTER,37.18,1,,37.18,,,0,1,A,,,,,
BHP,20130205,13:55:09.318,ENTER,37.17,1,,37.17,,,0,1,B,,,,,
BHP,20130205,13:55:25.461,ENTER,37.18,1,,37.18,,,0,1,A,,,,,
BHP,20130205,13:55:43.811,ENTER,37.2,1,,37.2,,,0,1,B,,,,,
BHP,20130205,13:55:44.953,ENTER,37.19,1,,37.19,,,0,1,A,,,,,
BHP,20130205,13:55:57.448,ENTER,37.19,1,,37.19,,,0,1,B,,,,,
BHP,20130205,13:57:21.539,ENTER,37.2,1,,37.2,,,0,1,A,,,,,
BHP,20130205,13:57:21.539,ENTER,37.2,1,,37.2,,,0,1,B,,,,,
BHP,20130205,13:57:54.342,ENTER,37.21,1,,37.21,,,0,1,A,,,,,
BHP,20130205,13:58:15.178,ENTER,37.23,1,,37.23,,,0,1,B,,,,,
BHP,20130205,13:58:15.178,ENTER,37.23,1,,37.23,,,0,1,A,,,,,
BHP,20130205,13:58:48.424,ENTER,37.24,1,,37.24,,,0,1,B,,,,,
BHP,20130205,13:58:52.622,ENTER,37.235,1,,37.235,,,0,1,A,,,,,
BHP,20130205,13:58:55.922,ENTER,37.24,1,,37.24,,,0,1,B,,,,,
BHP,20130205,13:59:13.307,ENTER,37.25,1,,37.25,,,0,1,A,,,,,
BHP,20130205,13:59:47.467,ENTER,37.245,1,,37.245,,,0,1,B,,,,,
BHP,20130205,13:59:58.325,ENTER,37.23,1,,37.23,,,0,1,A,,,,,
BHP,20130205,13:59:58.325,ENTER,37.23,1,,37.23,,,0,1,B,,,,,
BHP,20130205,14:00:28.736,ENTER,37.22,1,,37.22,,,0,1,A,,,,,
BHP,20130205,14:00:28.736,ENTER,37.22,1,,37.22,,,0,1,B,,,,,
BHP,20130205,14:04:17.644,ENTER,37.22,1,,37.22,,,0,1,A,,,,,
BHP,20130205,14:04:17.656,ENTER,37.23,1,,37.23,,,0,1,B,,,,,
BHP,20130205,14:04:17.694,ENTER,37.22,1,,37.22,,,0,1,A,,,,,
BHP,20130205,14:04:17.900,ENTER,37.22,1,,37.22,,,0,1,B,,,,,
BHP,20130205,14:04:23.803,ENTER,37.23,1,,37.23,,,0,1,A,,,,,
BHP,20130205,14:04:32.848,ENTER,37.24,1,,37.24,,,0,1,B,,,,,
BHP,20130205,14:04:59.837,ENTER,37.23,1,,37.23,,,0,1,A,,,,,
BHP,20130205,14:05:05.498,ENTER,37.22,1,,37.22,,,0,1,B,,,,,
BHP,20130205,14:07:31.789,ENTER,37.22,1,,37.22,,,0,1,A,,,,,
BHP,20130205,14:07:31.789,ENTER,37.22,1,,37.22,,,0,1,B,,,,,
BHP,20130205,14:07:35.143,ENTER,37.21,1,,37.21,,,0,1,A,,,,,
BHP,20130205,14:07:38.223,ENTER,37.21,1,,37.21,,,0,1,B,,,,,
BHP,20130205,14:07:40.096,ENTER,37.21,1,,37.21,,,0,1,A,,,,,
BHP,20130205,14:07:46.933,ENTER,37.21,1,,37.21,,,0,1,B,,,,,
BHP,20130205,14:11:15.173,ENTER,37.21,1,,37.21,,,0,1,A,,,,,
BHP,20130205,14:11:15.247,ENTER,37.22,1,,37.22,,,0,1,B,,,,,
BHP,20130205,14:11:15.247,ENTER,37.22,1,,37.22,,,0,1,A,,,,,
BHP,20130205,14:11:21.969,ENTER,37.22,1,,37.22,,,0,1,B,,,,,
BHP,20130205,14:11:31.930,ENTER,37.21,1,,37.21,,,0,1,A,,,,,
BHP,20130205,14:11:52.876,ENTER,37.21,1,,37.21,,,0,1,B,,,,,
BHP,20130205,14:12:06.605,ENTER,37.2,1,,37.2,,,0,1,A,,,,,
BHP,20130205,14:12:25.338,ENTER,37.2,1,,37.2,,,0,1,B,,,,,
BHP,20130205,14:12:54.473,ENTER,37.19,1,,37.19,,,0,1,A,,,,,
BHP,20130205,14:13:27.642,ENTER,37.2,1,,37.2,,,0,1,B,,,,,
BHP,20130205,14:13:40.319,ENTER,37.2,1,,37.2,,,0,1,A,,,,,
BHP,20130205,14:13:44.875,ENTER,37.21,1,,37.21,,,0,1,B,,,,,
BHP,20130205,14:14:26.058,ENTER,37.2,1,,37.2,,,0,1,A,,,,,
BHP,20130205,14:14:28.092,ENTER,37.2,1,,37.2,,,0,1,B,,,,,
BHP,20130205,14:14:33.723,ENTER,37.19,1,,37.19,,,0,1,A,,,,,
BHP,20130205,14:14:35.208,ENTER,37.19,1,,37.19,,,0,1,B,,,,,
BHP,20130205,14:15:08.320,ENTER,37.18,1,,37.18,,,0,1,A,,,,,
BHP,20130205,14:15:08.320,ENTER,37.18,1,,37.18,,,0,1,B,,,,,
BHP,20130205,14:15:08.395,ENTER,37.17,1,,37.17,,,0,1,A,,,,,
BHP,20130205,14:15:08.495,ENTER,37.19,1,,37.19,,,0,1,B,,,,,
BHP,20130205,14:15:08.495,ENTER,37.19,1,,37.19,,,0,1,A,,,,,
BHP,20130205,14:15:11.598,ENTER,37.18,1,,37.18,,,0,1,B,,,,,
BHP,20130205,14:15:11.598,ENTER,37.18,1,,37.18,,,0,1,A,,,,,
BHP,20130205,14:15:38.524,ENTER,37.19,1,,37.19,,,0,1,B,,,,,
BHP,20130205,14:15:38.524,ENTER,37.19,1,,37.19,,,0,1,A,,,,,
BHP,20130205,14:16:00.161,ENTER,37.2,1,,37.2,,,0,1,B,,,,,
BHP,20130205,14:16:00.161,ENTER,37.2,1,,37.2,,,0,1,A,,,,,
BHP,20130205,14:16:33.372,ENTER,37.19,1,,37.19,,,0,1,B,,,,,
BHP,20130205,14:16:33.426,ENTER,37.19,1,,37.19,,,0,1,A,,,,,
BHP,20130205,14:16:33.668,ENTER,37.18,1,,37.18,,,0,1,B,,,,,
BHP,20130205,14:16:34.185,ENTER,37.17,1,,37.17,,,0,1,A,,,,,
BHP,20130205,14:16:34.534,ENTER,37.18,1,,37.18,,,0,1,B,,,,,
BHP,20130205,14:16:34.567,ENTER,37.18,1,,37.18,,,0,1,A,,,,,
BHP,20130205,14:16:37.473,ENTER,37.19,1,,37.19,,,0,1,B,,,,,
BHP,20130205,14:16:37.473,ENTER,37.19,1,,37.19,,,0,1,A,,,,,
BHP,20130205,14:16:48.251,ENTER,37.18,1,,37.18,,,0,1,B,,,,,
BHP,20130205,14:17:15.594,ENTER,37.19,1,,37.19,,,0,1,A,,,,,
BHP,20130205,14:17:48.281,ENTER,37.2,1,,37.2,,,0,1,B,,,,,
BHP,20130205,14:17:48.281,ENTER,37.2,1,,37.2,,,0,1,A,,,,,
BHP,20130205,14:17:48.345,ENTER,37.21,1,,37.21,,,0,1,B,,,,,
BHP,20130205,14:17:57.260,ENTER,37.21,1,,37.21,,,0,1,A,,,,,
BHP,20130205,14:18:58.807,ENTER,37.2,1,,37.2,,,0,1,B,,,,,
BHP,20130205,14:19:16.668,ENTER,37.19,1,,37.19,,,0,1,A,,,,,
BHP,20130205,14:19:24.396,ENTER,37.2,1,,37.2,,,0,1,B,,,,,
BHP,20130205,14:19:26.955,ENTER,37.19,1,,37.19,,,0,1,A,,,,,
BHP,20130205,14:19:30.560,ENTER,37.2,1,,37.2,,,0,1,B,,,,,
BHP,20130205,14:19:57.535,ENTER,37.19,1,,37.19,,,0,1,A,,,,,
BHP,20130205,14:19:57.535,ENTER,37.19,1,,37.19,,,0,1,B,,,,,
BHP,20130205,14:21:37.136,ENTER,37.17,1,,37.17,,,0,1,A,,,,,
BHP,20130205,14:21:41.572,ENTER,37.17,1,,37.17,,,0,1,B,,,,,
BHP,20130205,14:21:49.906,ENTER,37.16,1,,37.16,,,0,1,A,,,,,
BHP,20130205,14:21:58.235,ENTER,37.16,1,,37.16,,,0,1,B,,,,,
BHP,20130205,14:23:14.109,ENTER,37.17,1,,37.17,,,0,1,A,,,,,
BHP,20130205,14:23:19.095,ENTER,37.175,1,,37.175,,,0,1,B,,,,,
BHP,20130205,14:23:29.857,ENTER,37.19,1,,37.19,,,0,1,A,,,,,
BHP,20130205,14:23:29.979,ENTER,37.18,1,,37.18,,,0,1,B,,,,,
BHP,20130205,14:23:32.176,ENTER,37.18,1,,37.18,,,0,1,A,,,,,
BHP,20130205,14:23:47.238,ENTER,37.17,1,,37.17,,,0,1,B,,,,,
BHP,20130205,14:24:18.762,ENTER,37.18,1,,37.18,,,0,1,A,,,,,
BHP,20130205,14:24:27.193,ENTER,37.17,1,,37.17,,,0,1,B,,,,,
BHP,20130205,14:24:54.901,ENTER,37.18,1,,37.18,,,0,1,A,,,,,
BHP,20130205,14:25:10.091,ENTER,37.2,1,,37.2,,,0,1,B,,,,,
BHP,20130205,14:25:10.091,ENTER,37.2,1,,37.2,,,0,1,A,,,,,
BHP,20130205,14:25:10.118,ENTER,37.19,1,,37.19,,,0,1,B,,,,,
BHP,20130205,14:25:10.317,ENTER,37.2,1,,37.2,,,0,1,A,,,,,
BHP,20130205,14:25:17.210,ENTER,37.19,1,,37.19,,,0,1,B,,,,,
BHP,20130205,14:25:23.609,ENTER,37.21,1,,37.21,,,0,1,A,,,,,
BHP,20130205,14:25:23.899,ENTER,37.22,1,,37.22,,,0,1,B,,,,,
BHP,20130205,14:25:36.306,ENTER,37.215,1,,37.215,,,0,1,A,,,,,
BHP,20130205,14:25:36.306,ENTER,37.22,1,,37.22,,,0,1,B,,,,,
BHP,20130205,14:25:51.533,ENTER,37.21,1,,37.21,,,0,1,A,,,,,
BHP,20130205,14:26:06.891,ENTER,37.22,1,,37.22,,,0,1,B,,,,,
BHP,20130205,14:26:06.892,ENTER,37.22,1,,37.22,,,0,1,A,,,,,
BHP,20130205,14:26:36.714,ENTER,37.23,1,,37.23,,,0,1,B,,,,,
BHP,20130205,14:26:36.714,ENTER,37.23,1,,37.23,,,0,1,A,,,,,
BHP,20130205,14:26:36.714,ENTER,37.24,1,,37.24,,,0,1,B,,,,,
BHP,20130205,14:26:36.714,ENTER,37.24,1,,37.24,,,0,1,A,,,,,
BHP,20130205,14:26:54.417,ENTER,37.23,1,,37.23,,,0,1,B,,,,,
BHP,20130205,14:27:10.690,ENTER,37.22,1,,37.22,,,0,1,A,,,,,
BHP,20130205,14:27:17.298,ENTER,37.22,1,,37.22,,,0,1,B,,,,,
BHP,20130205,14:28:23.738,ENTER,37.23,1,,37.23,,,0,1,A,,,,,
BHP,20130205,14:28:25.538,ENTER,37.235,1,,37.235,,,0,1,B,,,,,
BHP,20130205,14:29:17.819,ENTER,37.23,1,,37.23,,,0,1,A,,,,,
BHP,20130205,14:29:38.873,ENTER,37.235,1,,37.235,,,0,1,B,,,,,
BHP,20130205,14:30:02.659,ENTER,37.23,1,,37.23,,,0,1,A,,,,,
BHP,20130205,14:30:02.659,ENTER,37.23,1,,37.23,,,0,1,B,,,,,
BHP,20130205,14:30:03.184,ENTER,37.23,1,,37.23,,,0,1,A,,,,,
BHP,20130205,14:30:06.008,ENTER,37.24,1,,37.24,,,0,1,B,,,,,
BHP,20130205,14:30:06.008,ENTER,37.24,1,,37.24,,,0,1,A,,,,,
BHP,20130205,14:30:11.378,ENTER,37.22,1,,37.22,,,0,1,B,,,,,
BHP,20130205,14:30:27.629,ENTER,37.21,1,,37.21,,,0,1,A,,,,,
BHP,20130205,14:30:32.330,ENTER,37.21,1,,37.21,,,0,1,B,,,,,
BHP,20130205,14:30:47.333,ENTER,37.2,1,,37.2,,,0,1,A,,,,,
BHP,20130205,14:30:47.333,ENTER,37.2,1,,37.2,,,0,1,B,,,,,
BHP,20130205,14:31:01.891,ENTER,37.2,1,,37.2,,,0,1,A,,,,,
BHP,20130205,14:31:04.092,ENTER,37.21,1,,37.21,,,0,1,B,,,,,
BHP,20130205,14:31:06.324,ENTER,37.2,1,,37.2,,,0,1,A,,,,,
BHP,20130205,14:31:07.342,ENTER,37.2,1,,37.2,,,0,1,B,,,,,
BHP,20130205,14:32:14.068,ENTER,37.2,1,,37.2,,,0,1,A,,,,,
BHP,20130205,14:32:14.068,ENTER,37.2,1,,37.2,,,0,1,B,,,,,
BHP,20130205,14:32:14.175,ENTER,37.19,1,,37.19,,,0,1,A,,,,,
BHP,20130205,14:32:14.175,ENTER,37.19,1,,37.19,,,0,1,B,,,,,
BHP,20130205,14:32:37.177,ENTER,37.2,1,,37.2,,,0,1,A,,,,,
BHP,20130205,14:32:50.446,ENTER,37.21,1,,37.21,,,0,1,B,,,,,
BHP,20130205,14:33:17.651,ENTER,37.2,1,,37.2,,,0,1,A,,,,,
BHP,20130205,14:33:22.097,ENTER,37.21,1,,37.21,,,0,1,B,,,,,
BHP,20130205,14:33:22.097,ENTER,37.21,1,,37.21,,,0,1,A,,,,,
BHP,20130205,14:34:26.361,ENTER,37.23,1,,37.23,,,0,1,B,,,,,
BHP,20130205,14:34:26.361,ENTER,37.23,1,,37.23,,,0,1,A,,,,,
BHP,20130205,14:35:58.260,ENTER,37.24,1,,37.24,,,0,1,B,,,,,
BHP,20130205,14:36:04.163,ENTER,37.245,1,,37.245,,,0,1,A,,,,,
BHP,20130205,14:36:29.308,ENTER,37.25,1,,37.25,,,0,1,B,,,,,
BHP,20130205,14:36:29.308,ENTER,37.25,1,,37.25,,,0,1,A,,,,,
BHP,20130205,14:36:37.635,ENTER,37.25,1,,37.25,,,0,1,B,,,,,
BHP,20130205,14:36:37.637,ENTER,37.25,1,,37.25,,,0,1,A,,,,,
BHP,20130205,14:36:40.958,ENTER,37.26,1,,37.26,,,0,1,B,,,,,
BHP,20130205,14:36:43.135,ENTER,37.26,1,,37.26,,,0,1,A,,,,,
BHP,20130205,14:37:02.122,ENTER,37.255,1,,37.255,,,0,1,B,,,,,
BHP,20130205,14:37:20.940,ENTER,37.26,1,,37.26,,,0,1,A,,,,,
BHP,20130205,14:37:24.898,ENTER,37.25,1,,37.25,,,0,1,B,,,,,
BHP,20130205,14:37:52.904,ENTER,37.24,1,,37.24,,,0,1,A,,,,,
BHP,20130205,14:37:57.887,ENTER,37.25,1,,37.25,,,0,1,B,,,,,
BHP,20130205,14:37:57.942,ENTER,37.25,1,,37.25,,,0,1,A,,,,,
BHP,20130205,14:38:00.008,ENTER,37.26,1,,37.26,,,0,1,B,,,,,
BHP,20130205,14:38:02.035,ENTER,37.26,1,,37.26,,,0,1,A,,,,,
BHP,20130205,14:38:40.689,ENTER,37.25,1,,37.25,,,0,1,B,,,,,
BHP,20130205,14:39:22.078,ENTER,37.26,1,,37.26,,,0,1,A,,,,,
BHP,20130205,14:39:41.479,ENTER,37.26,1,,37.26,,,0,1,B,,,,,
BHP,20130205,14:39:42.647,ENTER,37.25,1,,37.25,,,0,1,A,,,,,
BHP,20130205,14:39:44.065,ENTER,37.25,1,,37.25,,,0,1,B,,,,,
BHP,20130205,14:39:49.215,ENTER,37.25,1,,37.25,,,0,1,A,,,,,
BHP,20130205,14:39:49.215,ENTER,37.25,1,,37.25,,,0,1,B,,,,,
BHP,20130205,14:39:51.672,ENTER,37.26,1,,37.26,,,0,1,A,,,,,
BHP,20130205,14:40:11.546,ENTER,37.26,1,,37.26,,,0,1,B,,,,,
BHP,20130205,14:40:11.546,ENTER,37.26,1,,37.26,,,0,1,A,,,,,
BHP,20130205,14:40:25.995,ENTER,37.26,1,,37.26,,,0,1,B,,,,,
BHP,20130205,14:41:33.895,ENTER,37.27,1,,37.27,,,0,1,A,,,,,
BHP,20130205,14:41:41.045,ENTER,37.27,1,,37.27,,,0,1,B,,,,,
BHP,20130205,14:42:26.589,ENTER,37.26,1,,37.26,,,0,1,A,,,,,
BHP,20130205,14:42:26.589,ENTER,37.26,1,,37.26,,,0,1,B,,,,,
BHP,20130205,14:42:39.884,ENTER,37.27,1,,37.27,,,0,1,A,,,,,
BHP,20130205,14:43:27.144,ENTER,37.27,1,,37.27,,,0,1,B,,,,,
BHP,20130205,14:43:32.007,ENTER,37.26,1,,37.26,,,0,1,A,,,,,
BHP,20130205,14:43:42.108,ENTER,37.26,1,,37.26,,,0,1,B,,,,,
BHP,20130205,14:44:14.033,ENTER,37.26,1,,37.26,,,0,1,A,,,,,
BHP,20130205,14:44:14.043,ENTER,37.26,1,,37.26,,,0,1,B,,,,,
BHP,20130205,14:44:25.526,ENTER,37.26,1,,37.26,,,0,1,A,,,,,
BHP,20130205,14:44:25.847,ENTER,37.26,1,,37.26,,,0,1,B,,,,,
BHP,20130205,14:44:26.586,ENTER,37.25,1,,37.25,,,0,1,A,,,,,
BHP,20130205,14:44:49.916,ENTER,37.26,1,,37.26,,,0,1,B,,,,,
BHP,20130205,14:44:49.916,ENTER,37.26,1,,37.26,,,0,1,A,,,,,
BHP,20130205,14:45:59.806,ENTER,37.24,1,,37.24,,,0,1,B,,,,,
BHP,20130205,14:46:00.557,ENTER,37.24,1,,37.24,,,0,1,A,,,,,
BHP,20130205,14:46:04.831,ENTER,37.24,1,,37.24,,,0,1,B,,,,,
BHP,20130205,14:46:14.076,ENTER,37.24,1,,37.24,,,0,1,A,,,,,
BHP,20130205,14:46:14.762,ENTER,37.25,1,,37.25,,,0,1,B,,,,,
BHP,20130205,14:46:49.430,ENTER,37.25,1,,37.25,,,0,1,A,,,,,
BHP,20130205,14:47:37.673,ENTER,37.26,1,,37.26,,,0,1,B,,,,,
BHP,20130205,14:47:37.673,ENTER,37.26,1,,37.26,,,0,1,A,,,,,
BHP,20130205,14:49:22.137,ENTER,37.26,1,,37.26,,,0,1,B,,,,,
BHP,20130205,14:49:46.707,ENTER,37.25,1,,37.25,,,0,1,A,,,,,
BHP,20130205,14:49:57.066,ENTER,37.26,1,,37.26,,,0,1,B,,,,,
BHP,20130205,14:49:57.847,ENTER,37.25,1,,37.25,,,0,1,A,,,,,
BHP,20130205,14:49:58.267,ENTER,37.26,1,,37.26,,,0,1,B,,,,,
BHP,20130205,14:49:58.267,ENTER,37.26,1,,37.26,,,0,1,A,,,,,
BHP,20130205,14:49:58.267,ENTER,37.27,1,,37.27,,,0,1,B,,,,,
BHP,20130205,14:49:58.284,ENTER,37.26,1,,37.26,,,0,1,A,,,,,
BHP,20130205,14:49:58.378,ENTER,37.26,1,,37.26,,,0,1,B,,,,,
BHP,20130205,14:50:00.538,ENTER,37.26,1,,37.26,,,0,1,A,,,,,
BHP,20130205,14:50:00.538,ENTER,37.26,1,,37.26,,,0,1,B,,,,,
BHP,20130205,14:50:12.440,ENTER,37.25,1,,37.25,,,0,1,A,,,,,
BHP,20130205,14:50:12.440,ENTER,37.25,1,,37.25,,,0,1,B,,,,,
BHP,20130205,14:50:12.585,ENTER,37.24,1,,37.24,,,0,1,A,,,,,
BHP,20130205,14:50:12.588,ENTER,37.24,1,,37.24,,,0,1,B,,,,,
BHP,20130205,14:50:55.068,ENTER,37.23,1,,37.23,,,0,1,A,,,,,
BHP,20130205,14:51:11.090,ENTER,37.23,1,,37.23,,,0,1,B,,,,,
BHP,20130205,14:51:14.082,ENTER,37.24,1,,37.24,,,0,1,A,,,,,
BHP,20130205,14:51:14.083,ENTER,37.23,1,,37.23,,,0,1,B,,,,,
BHP,20130205,14:51:14.306,ENTER,37.23,1,,37.23,,,0,1,A,,,,,
BHP,20130205,14:51:14.308,ENTER,37.23,1,,37.23,,,0,1,B,,,,,
BHP,20130205,14:51:14.643,ENTER,37.24,1,,37.24,,,0,1,A,,,,,
BHP,20130205,14:51:15.084,ENTER,37.23,1,,37.23,,,0,1,B,,,,,
BHP,20130205,14:51:29.099,ENTER,37.24,1,,37.24,,,0,1,A,,,,,
BHP,20130205,14:51:56.873,ENTER,37.24,1,,37.24,,,0,1,B,,,,,
BHP,20130205,14:51:58.343,ENTER,37.25,1,,37.25,,,0,1,A,,,,,
BHP,20130205,14:52:27.035,ENTER,37.245,1,,37.245,,,0,1,B,,,,,
BHP,20130205,14:53:30.005,ENTER,37.24,1,,37.24,,,0,1,A,,,,,
BHP,20130205,14:53:56.851,ENTER,37.24,1,,37.24,,,0,1,B,,,,,
BHP,20130205,14:54:12.531,ENTER,37.25,1,,37.25,,,0,1,A,,,,,
BHP,20130205,14:54:20.914,ENTER,37.25,1,,37.25,,,0,1,B,,,,,
BHP,20130205,14:54:20.914,ENTER,37.25,1,,37.25,,,0,1,A,,,,,
BHP,20130205,14:54:33.496,ENTER,37.25,1,,37.25,,,0,1,B,,,,,
BHP,20130205,14:54:37.961,ENTER,37.24,1,,37.24,,,0,1,A,,,,,
BHP,20130205,14:54:37.962,ENTER,37.24,1,,37.24,,,0,1,B,,,,,
BHP,20130205,14:54:38.025,ENTER,37.23,1,,37.23,,,0,1,A,,,,,
BHP,20130205,14:54:38.038,ENTER,37.23,1,,37.23,,,0,1,B,,,,,
BHP,20130205,14:54:38.242,ENTER,37.22,1,,37.22,,,0,1,A,,,,,
BHP,20130205,14:54:38.242,ENTER,37.22,1,,37.22,,,0,1,B,,,,,
BHP,20130205,14:54:59.359,ENTER,37.22,1,,37.22,,,0,1,A,,,,,
BHP,20130205,14:55:09.244,ENTER,37.22,1,,37.22,,,0,1,B,,,,,
BHP,20130205,14:55:25.757,ENTER,37.21,1,,37.21,,,0,1,A,,,,,
BHP,20130205,14:55:27.617,ENTER,37.21,1,,37.21,,,0,1,B,,,,,
BHP,20130205,14:55:28.209,ENTER,37.2,1,,37.2,,,0,1,A,,,,,
BHP,20130205,14:55:29.066,ENTER,37.2,1,,37.2,,,0,1,B,,,,,
BHP,20130205,14:55:36.845,ENTER,37.21,1,,37.21,,,0,1,A,,,,,
BHP,20130205,14:55:53.125,ENTER,37.2,1,,37.2,,,0,1,B,,,,,
BHP,20130205,14:56:10.013,ENTER,37.21,1,,37.21,,,0,1,A,,,,,
BHP,20130205,14:56:10.302,ENTER,37.22,1,,37.22,,,0,1,B,,,,,
BHP,20130205,14:56:10.344,ENTER,37.21,1,,37.21,,,0,1,A,,,,,
BHP,20130205,14:56:10.345,ENTER,37.21,1,,37.21,,,0,1,B,,,,,
BHP,20130205,14:56:11.161,ENTER,37.2,1,,37.2,,,0,1,A,,,,,
BHP,20130205,14:56:11.161,ENTER,37.2,1,,37.2,,,0,1,B,,,,,
BHP,20130205,14:56:11.920,ENTER,37.21,1,,37.21,,,0,1,A,,,,,
BHP,20130205,14:56:24.829,ENTER,37.22,1,,37.22,,,0,1,B,,,,,
BHP,20130205,14:56:25.133,ENTER,37.21,1,,37.21,,,0,1,A,,,,,
BHP,20130205,14:56:28.047,ENTER,37.215,1,,37.215,,,0,1,B,,,,,
BHP,20130205,14:56:36.388,ENTER,37.23,1,,37.23,,,0,1,A,,,,,
BHP,20130205,14:56:45.298,ENTER,37.22,1,,37.22,,,0,1,B,,,,,
BHP,20130205,14:57:00.096,ENTER,37.23,1,,37.23,,,0,1,A,,,,,
BHP,20130205,14:57:02.260,ENTER,37.24,1,,37.24,,,0,1,B,,,,,
BHP,20130205,14:57:02.260,ENTER,37.24,1,,37.24,,,0,1,A,,,,,
BHP,20130205,14:57:09.285,ENTER,37.24,1,,37.24,,,0,1,B,,,,,
BHP,20130205,14:57:09.285,ENTER,37.24,1,,37.24,,,0,1,A,,,,,
BHP,20130205,14:57:18.954,ENTER,37.25,1,,37.25,,,0,1,B,,,,,
BHP,20130205,14:57:18.954,ENTER,37.25,1,,37.25,,,0,1,A,,,,,
BHP,20130205,14:57:27.185,ENTER,37.25,1,,37.25,,,0,1,B,,,,,
BHP,20130205,14:57:27.959,ENTER,37.245,1,,37.245,,,0,1,A,,,,,
BHP,20130205,14:58:56.023,ENTER,37.23,1,,37.23,,,0,1,B,,,,,
BHP,20130205,14:59:56.963,ENTER,37.23,1,,37.23,,,0,1,A,,,,,
BHP,20130205,15:00:18.568,ENTER,37.24,1,,37.24,,,0,1,B,,,,,
BHP,20130205,15:00:18.568,ENTER,37.24,1,,37.24,,,0,1,A,,,,,
BHP,20130205,15:00:41.220,ENTER,37.24,1,,37.24,,,0,1,B,,,,,
BHP,20130205,15:00:41.220,ENTER,37.24,1,,37.24,,,0,1,A,,,,,
BHP,20130205,15:01:20.780,ENTER,37.24,1,,37.24,,,0,1,B,,,,,
BHP,20130205,15:02:54.447,ENTER,37.26,1,,37.26,,,0,1,A,,,,,
BHP,20130205,15:03:02.157,ENTER,37.25,1,,37.25,,,0,1,B,,,,,
BHP,20130205,15:04:09.567,ENTER,37.25,1,,37.25,,,0,1,A,,,,,
BHP,20130205,15:04:09.567,ENTER,37.25,1,,37.25,,,0,1,B,,,,,
BHP,20130205,15:04:09.567,ENTER,37.24,1,,37.24,,,0,1,A,,,,,
BHP,20130205,15:04:09.567,ENTER,37.24,1,,37.24,,,0,1,B,,,,,
BHP,20130205,15:04:09.655,ENTER,37.24,1,,37.24,,,0,1,A,,,,,
BHP,20130205,15:04:09.655,ENTER,37.23,1,,37.23,,,0,1,B,,,,,
BHP,20130205,15:04:18.403,ENTER,37.25,1,,37.25,,,0,1,A,,,,,
BHP,20130205,15:04:19.211,ENTER,37.24,1,,37.24,,,0,1,B,,,,,
BHP,20130205,15:05:02.580,ENTER,37.245,1,,37.245,,,0,1,A,,,,,
BHP,20130205,15:05:56.285,ENTER,37.25,1,,37.25,,,0,1,B,,,,,
BHP,20130205,15:05:56.313,ENTER,37.24,1,,37.24,,,0,1,A,,,,,
BHP,20130205,15:05:56.837,ENTER,37.24,1,,37.24,,,0,1,B,,,,,
BHP,20130205,15:07:55.292,ENTER,37.25,1,,37.25,,,0,1,A,,,,,
BHP,20130205,15:07:55.934,ENTER,37.24,1,,37.24,,,0,1,B,,,,,
BHP,20130205,15:07:59.398,ENTER,37.24,1,,37.24,,,0,1,A,,,,,
BHP,20130205,15:07:59.398,ENTER,37.24,1,,37.24,,,0,1,B,,,,,
BHP,20130205,15:08:30.464,ENTER,37.24,1,,37.24,,,0,1,A,,,,,
BHP,20130205,15:11:14.448,ENTER,37.25,1,,37.25,,,0,1,B,,,,,
BHP,20130205,15:11:41.651,ENTER,37.26,1,,37.26,,,0,1,A,,,,,
BHP,20130205,15:11:43.203,ENTER,37.25,1,,37.25,,,0,1,B,,,,,
BHP,20130205,15:13:07.294,ENTER,37.26,1,,37.26,,,0,1,A,,,,,
BHP,20130205,15:14:06.187,ENTER,37.27,1,,37.27,,,0,1,B,,,,,
BHP,20130205,15:14:35.191,ENTER,37.265,1,,37.265,,,0,1,A,,,,,
BHP,20130205,15:14:35.793,ENTER,37.27,1,,37.27,,,0,1,B,,,,,
BHP,20130205,15:15:20.215,ENTER,37.28,1,,37.28,,,0,1,A,,,,,
BHP,20130205,15:16:24.661,ENTER,37.29,1,,37.29,,,0,1,B,,,,,
BHP,20130205,15:16:25.715,ENTER,37.28,1,,37.28,,,0,1,A,,,,,
BHP,20130205,15:16:30.152,ENTER,37.29,1,,37.29,,,0,1,B,,,,,
BHP,20130205,15:16:30.152,ENTER,37.29,1,,37.29,,,0,1,A,,,,,
BHP,20130205,15:17:21.409,ENTER,37.29,1,,37.29,,,0,1,B,,,,,
BHP,20130205,15:18:05.798,ENTER,37.285,1,,37.285,,,0,1,A,,,,,
BHP,20130205,15:18:30.096,ENTER,37.285,1,,37.285,,,0,1,B,,,,,
BHP,20130205,15:18:35.318,ENTER,37.28,1,,37.28,,,0,1,A,,,,,
BHP,20130205,15:18:49.253,ENTER,37.27,1,,37.27,,,0,1,B,,,,,
BHP,20130205,15:18:49.447,ENTER,37.28,1,,37.28,,,0,1,A,,,,,
BHP,20130205,15:18:50.957,ENTER,37.27,1,,37.27,,,0,1,B,,,,,
BHP,20130205,15:19:01.817,ENTER,37.28,1,,37.28,,,0,1,A,,,,,
BHP,20130205,15:19:01.880,ENTER,37.29,1,,37.29,,,0,1,B,,,,,
BHP,20130205,15:19:01.880,ENTER,37.29,1,,37.29,,,0,1,A,,,,,
BHP,20130205,15:19:02.192,ENTER,37.28,1,,37.28,,,0,1,B,,,,,
BHP,20130205,15:19:07.814,ENTER,37.29,1,,37.29,,,0,1,A,,,,,
BHP,20130205,15:19:27.200,ENTER,37.3,1,,37.3,,,0,1,B,,,,,
BHP,20130205,15:19:27.200,ENTER,37.3,1,,37.3,,,0,1,A,,,,,
BHP,20130205,15:19:27.201,ENTER,37.29,1,,37.29,,,0,1,B,,,,,
BHP,20130205,15:19:42.984,ENTER,37.29,1,,37.29,,,0,1,A,,,,,
BHP,20130205,15:19:42.984,ENTER,37.29,1,,37.29,,,0,1,B,,,,,
BHP,20130205,15:21:12.230,ENTER,37.29,1,,37.29,,,0,1,A,,,,,
BHP,20130205,15:21:28.117,ENTER,37.295,1,,37.295,,,0,1,B,,,,,
BHP,20130205,15:21:32.928,ENTER,37.3,1,,37.3,,,0,1,A,,,,,
BHP,20130205,15:21:32.986,ENTER,37.3,1,,37.3,,,0,1,B,,,,,
BHP,20130205,15:21:33.205,ENTER,37.31,1,,37.31,,,0,1,A,,,,,
BHP,20130205,15:21:35.251,ENTER,37.31,1,,37.31,,,0,1,B,,,,,
BHP,20130205,15:21:45.048,ENTER,37.32,1,,37.32,,,0,1,A,,,,,
BHP,20130205,15:21:56.520,ENTER,37.32,1,,37.32,,,0,1,B,,,,,
BHP,20130205,15:22:08.003,ENTER,37.31,1,,37.31,,,0,1,A,,,,,
BHP,20130205,15:22:08.003,ENTER,37.31,1,,37.31,,,0,1,B,,,,,
BHP,20130205,15:22:16.118,ENTER,37.3,1,,37.3,,,0,1,A,,,,,
BHP,20130205,15:22:16.118,ENTER,37.3,1,,37.3,,,0,1,B,,,,,
BHP,20130205,15:22:23.557,ENTER,37.29,1,,37.29,,,0,1,A,,,,,
BHP,20130205,15:22:23.557,ENTER,37.29,1,,37.29,,,0,1,B,,,,,
BHP,20130205,15:22:39.787,ENTER,37.29,1,,37.29,,,0,1,A,,,,,
BHP,20130205,15:22:49.169,ENTER,37.3,1,,37.3,,,0,1,B,,,,,
BHP,20130205,15:22:49.169,ENTER,37.3,1,,37.3,,,0,1,A,,,,,
BHP,20130205,15:23:21.667,ENTER,37.3,1,,37.3,,,0,1,B,,,,,
BHP,20130205,15:23:29.799,ENTER,37.31,1,,37.31,,,0,1,A,,,,,
BHP,20130205,15:24:09.411,ENTER,37.3,1,,37.3,,,0,1,B,,,,,
BHP,20130205,15:24:11.272,ENTER,37.31,1,,37.31,,,0,1,A,,,,,
BHP,20130205,15:24:22.066,ENTER,37.3,1,,37.3,,,0,1,B,,,,,
BHP,20130205,15:24:26.033,ENTER,37.29,1,,37.29,,,0,1,A,,,,,
BHP,20130205,15:24:30.138,ENTER,37.29,1,,37.29,,,0,1,B,,,,,
BHP,20130205,15:24:31.390,ENTER,37.29,1,,37.29,,,0,1,A,,,,,
BHP,20130205,15:24:31.451,ENTER,37.29,1,,37.29,,,0,1,B,,,,,
BHP,20130205,15:24:33.247,ENTER,37.28,1,,37.28,,,0,1,A,,,,,
BHP,20130205,15:24:38.050,ENTER,37.29,1,,37.29,,,0,1,B,,,,,
BHP,20130205,15:24:38.050,ENTER,37.29,1,,37.29,,,0,1,A,,,,,
BHP,20130205,15:25:01.165,ENTER,37.27,1,,37.27,,,0,1,B,,,,,
BHP,20130205,15:25:02.506,ENTER,37.27,1,,37.27,,,0,1,A,,,,,
BHP,20130205,15:25:02.564,ENTER,37.27,1,,37.27,,,0,1,B,,,,,
BHP,20130205,15:25:32.386,ENTER,37.28,1,,37.28,,,0,1,A,,,,,
BHP,20130205,15:26:09.552,ENTER,37.29,1,,37.29,,,0,1,B,,,,,
BHP,20130205,15:26:34.643,ENTER,37.285,1,,37.285,,,0,1,A,,,,,
BHP,20130205,15:27:12.888,ENTER,37.28,1,,37.28,,,0,1,B,,,,,
BHP,20130205,15:27:25.409,ENTER,37.27,1,,37.27,,,0,1,A,,,,,
BHP,20130205,15:27:25.409,ENTER,37.27,1,,37.27,,,0,1,B,,,,,
BHP,20130205,15:28:40.864,ENTER,37.29,1,,37.29,,,0,1,A,,,,,
BHP,20130205,15:28:40.864,ENTER,37.3,1,,37.3,,,0,1,B,,,,,
BHP,20130205,15:28:40.864,ENTER,37.3,1,,37.3,,,0,1,A,,,,,
BHP,20130205,15:28:41.061,ENTER,37.3,1,,37.3,,,0,1,B,,,,,
BHP,20130205,15:29:06.830,ENTER,37.31,1,,37.31,,,0,1,A,,,,,
BHP,20130205,15:29:13.627,ENTER,37.31,1,,37.31,,,0,1,B,,,,,
BHP,20130205,15:29:16.369,ENTER,37.3,1,,37.3,,,0,1,A,,,,,
BHP,20130205,15:29:16.369,ENTER,37.3,1,,37.3,,,0,1,B,,,,,
BHP,20130205,15:29:21.116,ENTER,37.31,1,,37.31,,,0,1,A,,,,,
BHP,20130205,15:29:27.222,ENTER,37.32,1,,37.32,,,0,1,B,,,,,
BHP,20130205,15:29:28.142,ENTER,37.3,1,,37.3,,,0,1,A,,,,,
BHP,20130205,15:29:37.320,ENTER,37.3,1,,37.3,,,0,1,B,,,,,
BHP,20130205,15:29:41.654,ENTER,37.31,1,,37.31,,,0,1,A,,,,,
BHP,20130205,15:29:45.007,ENTER,37.32,1,,37.32,,,0,1,B,,,,,
BHP,20130205,15:29:45.014,ENTER,37.32,1,,37.32,,,0,1,A,,,,,
BHP,20130205,15:29:46.398,ENTER,37.31,1,,37.31,,,0,1,B,,,,,
BHP,20130205,15:30:14.431,ENTER,37.3,1,,37.3,,,0,1,A,,,,,
BHP,20130205,15:30:16.093,ENTER,37.3,1,,37.3,,,0,1,B,,,,,
BHP,20130205,15:30:16.140,ENTER,37.29,1,,37.29,,,0,1,A,,,,,
BHP,20130205,15:30:16.140,ENTER,37.29,1,,37.29,,,0,1,B,,,,,
BHP,20130205,15:30:16.549,ENTER,37.29,1,,37.29,,,0,1,A,,,,,
BHP,20130205,15:30:16.549,ENTER,37.29,1,,37.29,,,0,1,B,,,,,
BHP,20130205,15:30:21.422,ENTER,37.28,1,,37.28,,,0,1,A,,,,,
BHP,20130205,15:30:21.422,ENTER,37.28,1,,37.28,,,0,1,B,,,,,
BHP,20130205,15:30:22.013,ENTER,37.29,1,,37.29,,,0,1,A,,,,,
BHP,20130205,15:30:48.544,ENTER,37.3,1,,37.3,,,0,1,B,,,,,
BHP,20130205,15:30:48.545,ENTER,37.3,1,,37.3,,,0,1,A,,,,,
BHP,20130205,15:31:48.734,ENTER,37.3,1,,37.3,,,0,1,B,,,,,
BHP,20130205,15:31:56.600,ENTER,37.3,1,,37.3,,,0,1,A,,,,,
BHP,20130205,15:32:19.996,ENTER,37.29,1,,37.29,,,0,1,B,,,,,
BHP,20130205,15:32:43.116,ENTER,37.29,1,,37.29,,,0,1,A,,,,,
BHP,20130205,15:33:04.062,ENTER,37.28,1,,37.28,,,0,1,B,,,,,
BHP,20130205,15:33:23.374,ENTER,37.29,1,,37.29,,,0,1,A,,,,,
BHP,20130205,15:34:22.074,ENTER,37.28,1,,37.28,,,0,1,B,,,,,
BHP,20130205,15:34:34.733,ENTER,37.27,1,,37.27,,,0,1,A,,,,,
BHP,20130205,15:34:34.733,ENTER,37.27,1,,37.27,,,0,1,B,,,,,
BHP,20130205,15:35:11.747,ENTER,37.27,1,,37.27,,,0,1,A,,,,,
BHP,20130205,15:35:45.192,ENTER,37.26,1,,37.26,,,0,1,B,,,,,
BHP,20130205,15:36:13.104,ENTER,37.26,1,,37.26,,,0,1,A,,,,,
BHP,20130205,15:36:24.712,ENTER,37.26,1,,37.26,,,0,1,B,,,,,
BHP,20130205,15:37:15.600,ENTER,37.265,1,,37.265,,,0,1,A,,,,,
BHP,20130205,15:37:23.514,ENTER,37.25,1,,37.25,,,0,1,B,,,,,
BHP,20130205,15:37:29.178,ENTER,37.25,1,,37.25,,,0,1,A,,,,,
BHP,20130205,15:37:34.630,ENTER,37.25,1,,37.25,,,0,1,B,,,,,
BHP,20130205,15:38:09.315,ENTER,37.24,1,,37.24,,,0,1,A,,,,,
BHP,20130205,15:38:14.872,ENTER,37.25,1,,37.25,,,0,1,B,,,,,
BHP,20130205,15:38:14.936,ENTER,37.25,1,,37.25,,,0,1,A,,,,,
BHP,20130205,15:38:15.310,ENTER,37.26,1,,37.26,,,0,1,B,,,,,
BHP,20130205,15:38:47.992,ENTER,37.27,1,,37.27,,,0,1,A,,,,,
BHP,20130205,15:39:00.397,ENTER,37.27,1,,37.27,,,0,1,B,,,,,
BHP,20130205,15:39:11.236,ENTER,37.26,1,,37.26,,,0,1,A,,,,,
BHP,20130205,15:39:11.236,ENTER,37.26,1,,37.26,,,0,1,B,,,,,
BHP,20130205,15:39:33.535,ENTER,37.25,1,,37.25,,,0,1,A,,,,,
BHP,20130205,15:39:33.535,ENTER,37.25,1,,37.25,,,0,1,B,,,,,
BHP,20130205,15:39:49.841,ENTER,37.25,1,,37.25,,,0,1,A,,,,,
BHP,20130205,15:39:49.882,ENTER,37.25,1,,37.25,,,0,1,B,,,,,
BHP,20130205,15:39:53.521,ENTER,37.23,1,,37.23,,,0,1,A,,,,,
BHP,20130205,15:39:53.521,ENTER,37.23,1,,37.23,,,0,1,B,,,,,
BHP,20130205,15:39:53.640,ENTER,37.24,1,,37.24,,,0,1,A,,,,,
BHP,20130205,15:40:05.378,ENTER,37.24,1,,37.24,,,0,1,B,,,,,
BHP,20130205,15:40:08.835,ENTER,37.24,1,,37.24,,,0,1,A,,,,,
BHP,20130205,15:40:08.836,ENTER,37.24,1,,37.24,,,0,1,B,,,,,
BHP,20130205,15:40:19.885,ENTER,37.25,1,,37.25,,,0,1,A,,,,,
BHP,20130205,15:40:25.517,ENTER,37.26,1,,37.26,,,0,1,B,,,,,
BHP,20130205,15:40:50.887,ENTER,37.26,1,,37.26,,,0,1,A,,,,,
BHP,20130205,15:41:00.712,ENTER,37.25,1,,37.25,,,0,1,B,,,,,
BHP,20130205,15:41:00.848,ENTER,37.26,1,,37.26,,,0,1,A,,,,,
BHP,20130205,15:41:08.777,ENTER,37.25,1,,37.25,,,0,1,B,,,,,
BHP,20130205,15:41:12.362,ENTER,37.26,1,,37.26,,,0,1,A,,,,,
BHP,20130205,15:41:16.681,ENTER,37.25,1,,37.25,,,0,1,B,,,,,
BHP,20130205,15:42:43.708,ENTER,37.26,1,,37.26,,,0,1,A,,,,,
BHP,20130205,15:42:43.884,ENTER,37.27,1,,37.27,,,0,1,B,,,,,
BHP,20130205,15:42:44.089,ENTER,37.26,1,,37.26,,,0,1,A,,,,,
BHP,20130205,15:42:44.107,ENTER,37.26,1,,37.26,,,0,1,B,,,,,
BHP,20130205,15:42:45.631,ENTER,37.26,1,,37.26,,,0,1,A,,,,,
BHP,20130205,15:42:54.590,ENTER,37.27,1,,37.27,,,0,1,B,,,,,
BHP,20130205,15:42:54.874,ENTER,37.27,1,,37.27,,,0,1,A,,,,,
BHP,20130205,15:43:00.510,ENTER,37.27,1,,37.27,,,0,1,B,,,,,
BHP,20130205,15:43:04.192,ENTER,37.265,1,,37.265,,,0,1,A,,,,,
BHP,20130205,15:43:45.279,ENTER,37.27,1,,37.27,,,0,1,B,,,,,
BHP,20130205,15:43:45.814,ENTER,37.27,1,,37.27,,,0,1,A,,,,,
BHP,20130205,15:43:48.037,ENTER,37.28,1,,37.28,,,0,1,B,,,,,
BHP,20130205,15:43:48.037,ENTER,37.28,1,,37.28,,,0,1,A,,,,,
BHP,20130205,15:44:04.695,ENTER,37.28,1,,37.28,,,0,1,B,,,,,
BHP,20130205,15:44:05.130,ENTER,37.28,1,,37.28,,,0,1,A,,,,,
BHP,20130205,15:44:15.819,ENTER,37.27,1,,37.27,,,0,1,B,,,,,
BHP,20130205,15:44:20.091,ENTER,37.26,1,,37.26,,,0,1,A,,,,,
BHP,20130205,15:44:24.377,ENTER,37.26,1,,37.26,,,0,1,B,,,,,
BHP,20130205,15:45:13.273,ENTER,37.27,1,,37.27,,,0,1,A,,,,,
BHP,20130205,15:45:19.805,ENTER,37.28,1,,37.28,,,0,1,B,,,,,
BHP,20130205,15:45:25.951,ENTER,37.27,1,,37.27,,,0,1,A,,,,,
BHP,20130205,15:45:25.951,ENTER,37.27,1,,37.27,,,0,1,B,,,,,
BHP,20130205,15:45:46.307,ENTER,37.27,1,,37.27,,,0,1,A,,,,,
BHP,20130205,15:45:58.903,ENTER,37.28,1,,37.28,,,0,1,B,,,,,
BHP,20130205,15:46:02.368,ENTER,37.27,1,,37.27,,,0,1,A,,,,,
BHP,20130205,15:47:04.181,ENTER,37.28,1,,37.28,,,0,1,B,,,,,
BHP,20130205,15:47:06.243,ENTER,37.27,1,,37.27,,,0,1,A,,,,,
BHP,20130205,15:47:06.243,ENTER,37.27,1,,37.27,,,0,1,B,,,,,
BHP,20130205,15:47:18.688,ENTER,37.26,1,,37.26,,,0,1,A,,,,,
BHP,20130205,15:47:23.220,ENTER,37.265,1,,37.265,,,0,1,B,,,,,
BHP,20130205,15:48:02.592,ENTER,37.27,1,,37.27,,,0,1,A,,,,,
BHP,20130205,15:48:05.633,ENTER,37.27,1,,37.27,,,0,1,B,,,,,
BHP,20130205,15:48:38.322,ENTER,37.26,1,,37.26,,,0,1,A,,,,,
BHP,20130205,15:48:38.322,ENTER,37.26,1,,37.26,,,0,1,B,,,,,
BHP,20130205,15:48:46.323,ENTER,37.27,1,,37.27,,,0,1,A,,,,,
BHP,20130205,15:48:49.181,ENTER,37.26,1,,37.26,,,0,1,B,,,,,
BHP,20130205,15:49:03.898,ENTER,37.25,1,,37.25,,,0,1,A,,,,,
BHP,20130205,15:49:04.301,ENTER,37.26,1,,37.26,,,0,1,B,,,,,
BHP,20130205,15:49:08.365,ENTER,37.26,1,,37.26,,,0,1,A,,,,,
BHP,20130205,15:49:13.478,ENTER,37.26,1,,37.26,,,0,1,B,,,,,
BHP,20130205,15:49:14.195,ENTER,37.25,1,,37.25,,,0,1,A,,,,,
BHP,20130205,15:49:14.197,ENTER,37.25,1,,37.25,,,0,1,B,,,,,
BHP,20130205,15:49:33.526,ENTER,37.25,1,,37.25,,,0,1,A,,,,,
BHP,20130205,15:49:33.539,ENTER,37.26,1,,37.26,,,0,1,B,,,,,
BHP,20130205,15:49:33.733,ENTER,37.27,1,,37.27,,,0,1,A,,,,,
BHP,20130205,15:50:10.591,ENTER,37.26,1,,37.26,,,0,1,B,,,,,
BHP,20130205,15:50:12.329,ENTER,37.27,1,,37.27,,,0,1,A,,,,,
BHP,20130205,15:50:17.467,ENTER,37.26,1,,37.26,,,0,1,B,,,,,
BHP,20130205,15:50:20.305,ENTER,37.27,1,,37.27,,,0,1,A,,,,,
BHP,20130205,15:50:22.310,ENTER,37.26,1,,37.26,,,0,1,B,,,,,
BHP,20130205,15:50:41.265,ENTER,37.26,1,,37.26,,,0,1,A,,,,,
BHP,20130205,15:50:56.310,ENTER,37.26,1,,37.26,,,0,1,B,,,,,
BHP,20130205,15:51:00.324,ENTER,37.26,1,,37.26,,,0,1,A,,,,,
BHP,20130205,15:51:08.314,ENTER,37.27,1,,37.27,,,0,1,B,,,,,
BHP,20130205,15:51:08.314,ENTER,37.27,1,,37.27,,,0,1,A,,,,,
BHP,20130205,15:51:12.498,ENTER,37.26,1,,37.26,,,0,1,B,,,,,
BHP,20130205,15:51:24.873,ENTER,37.27,1,,37.27,,,0,1,A,,,,,
BHP,20130205,15:51:34.343,ENTER,37.26,1,,37.26,,,0,1,B,,,,,
BHP,20130205,15:52:02.212,ENTER,37.26,1,,37.26,,,0,1,A,,,,,
BHP,20130205,15:52:18.897,ENTER,37.265,1,,37.265,,,0,1,B,,,,,
BHP,20130205,15:53:14.266,ENTER,37.28,1,,37.28,,,0,1,A,,,,,
BHP,20130205,15:53:22.189,ENTER,37.27,1,,37.27,,,0,1,B,,,,,
BHP,20130205,15:53:29.685,ENTER,37.26,1,,37.26,,,0,1,A,,,,,
BHP,20130205,15:53:30.307,ENTER,37.27,1,,37.27,,,0,1,B,,,,,
BHP,20130205,15:53:32.311,ENTER,37.27,1,,37.27,,,0,1,A,,,,,
BHP,20130205,15:53:53.407,ENTER,37.28,1,,37.28,,,0,1,B,,,,,
BHP,20130205,15:53:55.283,ENTER,37.28,1,,37.28,,,0,1,A,,,,,
BHP,20130205,15:54:31.720,ENTER,37.27,1,,37.27,,,0,1,B,,,,,
BHP,20130205,15:54:36.772,ENTER,37.26,1,,37.26,,,0,1,A,,,,,
BHP,20130205,15:54:37.755,ENTER,37.26,1,,37.26,,,0,1,B,,,,,
BHP,20130205,15:54:53.126,ENTER,37.265,1,,37.265,,,0,1,A,,,,,
BHP,20130205,15:54:59.939,ENTER,37.27,1,,37.27,,,0,1,B,,,,,
BHP,20130205,15:55:04.324,ENTER,37.26,1,,37.26,,,0,1,A,,,,,
BHP,20130205,15:55:04.581,ENTER,37.26,1,,37.26,,,0,1,B,,,,,
BHP,20130205,15:55:25.797,ENTER,37.26,1,,37.26,,,0,1,A,,,,,
BHP,20130205,15:55:25.797,ENTER,37.26,1,,37.26,,,0,1,B,,,,,
BHP,20130205,15:55:35.920,ENTER,37.25,1,,37.25,,,0,1,A,,,,,
BHP,20130205,15:55:37.655,ENTER,37.25,1,,37.25,,,0,1,B,,,,,
BHP,20130205,15:55:47.666,ENTER,37.24,1,,37.24,,,0,1,A,,,,,
BHP,20130205,15:55:47.834,ENTER,37.25,1,,37.25,,,0,1,B,,,,,
BHP,20130205,15:55:49.645,ENTER,37.24,1,,37.24,,,0,1,A,,,,,
BHP,20130205,15:55:49.950,ENTER,37.24,1,,37.24,,,0,1,B,,,,,
BHP,20130205,15:55:59.795,ENTER,37.23,1,,37.23,,,0,1,A,,,,,
BHP,20130205,15:55:59.906,ENTER,37.23,1,,37.23,,,0,1,B,,,,,
BHP,20130205,15:56:01.917,ENTER,37.23,1,,37.23,,,0,1,A,,,,,
BHP,20130205,15:56:02.188,ENTER,37.23,1,,37.23,,,0,1,B,,,,,
BHP,20130205,15:56:02.513,ENTER,37.24,1,,37.24,,,0,1,A,,,,,
BHP,20130205,15:56:04.437,ENTER,37.24,1,,37.24,,,0,1,B,,,,,
BHP,20130205,15:56:04.441,ENTER,37.24,1,,37.24,,,0,1,A,,,,,
BHP,20130205,15:56:05.069,ENTER,37.24,1,,37.24,,,0,1,B,,,,,
BHP,20130205,15:56:05.069,ENTER,37.24,1,,37.24,,,0,1,A,,,,,
BHP,20130205,15:56:07.682,ENTER,37.23,1,,37.23,,,0,1,B,,,,,
BHP,20130205,15:56:20.235,ENTER,37.24,1,,37.24,,,0,1,A,,,,,
BHP,20130205,15:56:20.490,ENTER,37.24,1,,37.24,,,0,1,B,,,,,
BHP,20130205,15:56:20.683,ENTER,37.24,1,,37.24,,,0,1,A,,,,,
BHP,20130205,15:56:31.173,ENTER,37.24,1,,37.24,,,0,1,B,,,,,
BHP,20130205,15:56:33.762,ENTER,37.24,1,,37.24,,,0,1,A,,,,,
BHP,20130205,15:57:01.942,ENTER,37.25,1,,37.25,,,0,1,B,,,,,
BHP,20130205,15:57:01.942,ENTER,37.25,1,,37.25,,,0,1,A,,,,,
BHP,20130205,15:57:20.858,ENTER,37.24,1,,37.24,,,0,1,B,,,,,
BHP,20130205,15:57:38.057,ENTER,37.25,1,,37.25,,,0,1,A,,,,,
BHP,20130205,15:57:39.187,ENTER,37.25,1,,37.25,,,0,1,B,,,,,
BHP,20130205,15:57:40.815,ENTER,37.24,1,,37.24,,,0,1,A,,,,,
BHP,20130205,15:57:51.083,ENTER,37.25,1,,37.25,,,0,1,B,,,,,
BHP,20130205,15:57:51.083,ENTER,37.25,1,,37.25,,,0,1,A,,,,,
BHP,20130205,15:57:57.212,ENTER,37.24,1,,37.24,,,0,1,B,,,,,
BHP,20130205,15:58:03.364,ENTER,37.23,1,,37.23,,,0,1,A,,,,,
BHP,20130205,15:58:05.989,ENTER,37.24,1,,37.24,,,0,1,B,,,,,
BHP,20130205,15:58:08.599,ENTER,37.24,1,,37.24,,,0,1,A,,,,,
BHP,20130205,15:58:19.587,ENTER,37.23,1,,37.23,,,0,1,B,,,,,
BHP,20130205,15:58:20.761,ENTER,37.22,1,,37.22,,,0,1,A,,,,,
BHP,20130205,15:58:21.121,ENTER,37.22,1,,37.22,,,0,1,B,,,,,
BHP,20130205,15:58:28.205,ENTER,37.23,1,,37.23,,,0,1,A,,,,,
BHP,20130205,15:58:58.223,ENTER,37.23,1,,37.23,,,0,1,B,,,,,
BHP,20130205,15:58:58.223,ENTER,37.23,1,,37.23,,,0,1,A,,,,,
BHP,20130205,15:59:00.469,ENTER,37.22,1,,37.22,,,0,1,B,,,,,
BHP,20130205,15:59:03.441,ENTER,37.22,1,,37.22,,,0,1,A,,,,,
BHP,20130205,15:59:03.457,ENTER,37.23,1,,37.23,,,0,1,B,,,,,
BHP,20130205,15:59:03.717,ENTER,37.23,1,,37.23,,,0,1,A,,,,,
BHP,20130205,15:59:03.918,ENTER,37.22,1,,37.22,,,0,1,B,,,,,
BHP,20130205,15:59:07.965,ENTER,37.23,1,,37.23,,,0,1,A,,,,,
BHP,20130205,15:59:17.266,ENTER,37.22,1,,37.22,,,0,1,B,,,,,
BHP,20130205,15:59:17.860,ENTER,37.22,1,,37.22,,,0,1,A,,,,,
BHP,20130205,15:59:17.860,ENTER,37.22,1,,37.22,,,0,1,B,,,,,
BHP,20130205,15:59:19.887,ENTER,37.21,1,,37.21,,,0,1,A,,,,,
BHP,20130205,15:59:20.588,ENTER,37.21,1,,37.21,,,0,1,B,,,,,
BHP,20130205,15:59:21.052,ENTER,37.22,1,,37.22,,,0,1,A,,,,,
BHP,20130205,15:59:30.966,ENTER,37.21,1,,37.21,,,0,1,B,,,,,
BHP,20130205,15:59:31.668,ENTER,37.22,1,,37.22,,,0,1,A,,,,,
BHP,20130205,15:59:34.505,ENTER,37.22,1,,37.22,,,0,1,B,,,,,
BHP,20130205,15:59:36.761,ENTER,37.22,1,,37.22,,,0,1,A,,,,,
BHP,20130205,15:59:36.899,ENTER,37.23,1,,37.23,,,0,1,B,,,,,
BHP,20130205,15:59:41.091,ENTER,37.23,1,,37.23,,,0,1,A,,,,,
BHP,20130205,15:59:41.623,ENTER,37.22,1,,37.22,,,0,1,B,,,,,
BHP,20130205,15:59:45.394,ENTER,37.23,1,,37.23,,,0,1,A,,,,,
BHP,20130205,15:59:47.651,ENTER,37.23,1,,37.23,,,0,1,B,,,,,
BHP,20130205,15:59:47.730,ENTER,37.23,1,,37.23,,,0,1,A,,,,,
BHP,20130205,15:59:50.927,ENTER,37.22,1,,37.22,,,0,1,B,,,,,
BHP,20130205,15:59:53.002,ENTER,37.21,1,,37.21,,,0,1,A,,,,,
BHP,20130205,15:59:53.002,ENTER,37.21,1,,37.21,,,0,1,B,,,,,
BHP,20130205,15:59:55.464,ENTER,37.22,1,,37.22,,,0,1,A,,,,,
BHP,20130205,15:59:57.000,ENTER,37.22,1,,37.22,,,0,1,B,,,,,
BHP,20130205,15:59:58.039,ENTER,37.22,1,,37.22,,,0,1,A,,,,,
BHP,20130205,15:59:59.323,ENTER,37.23,1,,37.23,,,0,1,B,,,,,
BHP,20130205,16:10:43.038,ENTER,37.18,1,,37.18,,,0,1,A,,,,,
BHP,20130205,16:10:43.038,ENTER,37.18,1,,37.18,,,0,1,B,,,,,
